unnamed_column,new_claim_date,agric_forestry_fishing_hunting,mining_quarrying,utilities,construction,manufacturing,wholesale_trade,retail_trade,transp_warehousing,information,finance_insurance,real_estate,prof_tech_services,management_of_companies,admin_support_svces,educational_services,health_care_soc_assistance,arts_ent_recreation,accommodation_food_services,other_services,self_employed,public_administration,other_unknown,total
"",2005-01-09T05:00:00Z,42,9,5,1036,437,121,533,105,82,120,59,114,23,490,88,236,200,260,100,8,42,419,4529
"",2005-01-16T05:00:00Z,41,11,4,1070,376,137,383,118,47,104,36,115,13,400,66,210,100,179,91,10,35,351,3897
"",2005-01-23T05:00:00Z,27,10,5,1120,417,115,414,118,41,88,35,106,20,349,74,209,122,185,89,14,50,373,3981
"",2005-01-30T05:00:00Z,20,12,5,636,418,144,434,96,66,153,37,127,36,333,104,212,105,171,86,6,27,340,3568
"",2005-02-06T05:00:00Z,11,12,2,494,261,105,301,76,46,84,33,85,22,238,46,197,87,155,62,8,27,240,2592
"",2005-02-13T05:00:00Z,13,2,3,544,362,126,323,90,57,107,33,104,22,271,66,241,107,174,86,5,25,257,3018
"",2005-02-20T05:00:00Z,5,1,3,479,438,85,291,431,39,110,23,73,11,327,90,260,96,233,78,3,29,272,3377
"",2005-02-27T05:00:00Z,6,1,4,438,361,108,332,68,58,97,18,92,33,226,67,190,67,155,63,9,30,292,2715
"",2005-03-06T05:00:00Z,8,1,9,357,289,105,265,57,47,76,29,86,31,234,63,180,52,181,69,5,13,274,2431
"",2005-03-13T05:00:00Z,6,3,7,315,401,115,244,64,46,86,33,73,32,210,50,170,44,157,53,6,21,265,2401
"",2005-03-20T05:00:00Z,2,1,1,210,210,59,231,42,37,83,9,47,16,151,44,160,29,148,57,4,19,193,1753
"",2005-03-27T05:00:00Z,5,1,3,199,321,76,234,46,36,116,26,67,21,169,50,189,46,106,44,4,30,238,2027
"",2005-04-03T05:00:00Z,4,,7,308,435,131,408,76,73,136,49,143,27,321,99,311,65,176,104,4,33,366,3276
"",2005-04-10T04:00:00Z,2,1,3,240,237,84,268,62,46,121,29,94,15,199,68,199,40,120,47,6,18,247,2146
"",2005-04-17T04:00:00Z,4,,2,200,232,91,267,635,52,138,28,168,17,289,86,220,33,269,75,6,36,277,3125
"",2005-04-24T04:00:00Z,1,,2,185,226,75,287,43,53,105,26,105,16,159,65,180,49,133,47,4,23,255,2039
"",2005-05-01T04:00:00Z,6,,3,192,262,92,313,32,63,148,28,138,18,179,61,218,42,123,65,11,13,279,2286
"",2005-05-08T04:00:00Z,7,,1,176,266,77,259,39,29,102,22,99,19,157,67,190,50,123,48,3,34,226,1994
"",2005-05-15T04:00:00Z,6,,4,212,185,82,214,47,48,103,30,86,16,158,64,197,64,185,50,7,42,253,2053
"",2005-05-22T04:00:00Z,6,1,,211,269,106,261,34,41,85,21,74,16,138,65,228,40,238,54,7,39,257,2191
"",2005-05-29T04:00:00Z,4,1,3,159,318,74,244,41,52,102,30,100,21,152,72,189,50,179,63,8,22,261,2145
"",2005-06-05T04:00:00Z,11,,3,147,296,88,258,53,50,100,23,98,31,161,77,270,53,207,48,10,43,244,2271
"",2005-06-12T04:00:00Z,6,,2,135,249,75,213,68,27,86,21,93,19,143,84,214,53,162,59,3,36,232,1980
"",2005-06-19T04:00:00Z,16,,2,148,250,74,265,301,42,100,19,77,24,211,293,278,49,244,73,7,64,252,2789
"",2005-06-26T04:00:00Z,10,1,1,164,338,79,247,523,37,107,18,99,15,231,325,276,55,232,67,4,80,280,3189
"",2005-07-03T04:00:00Z,19,2,3,258,734,189,397,482,65,166,34,213,29,431,410,389,78,385,113,7,115,410,4929
"",2005-07-10T04:00:00Z,11,1,,162,327,117,280,102,38,116,31,101,15,222,140,231,51,158,68,4,61,255,2491
"",2005-07-17T04:00:00Z,6,2,,160,351,166,250,89,31,114,32,80,25,198,121,246,58,163,64,7,39,238,2440
"",2005-07-24T04:00:00Z,8,,1,176,380,79,244,118,35,86,21,72,77,194,107,233,44,163,61,6,25,264,2394
"",2005-07-31T04:00:00Z,6,1,3,170,412,97,282,163,44,122,41,99,45,252,119,439,47,163,86,6,34,285,2916
"",2005-08-07T04:00:00Z,14,,2,174,335,95,260,173,33,101,13,74,22,169,112,255,48,142,71,5,39,250,2387
"",2005-08-14T04:00:00Z,23,,1,199,247,83,268,159,28,95,25,74,11,147,92,250,52,150,39,11,26,252,2232
"",2005-08-21T04:00:00Z,9,,2,189,272,85,275,107,36,79,27,63,36,157,83,205,54,119,53,1,27,202,2081
"",2005-08-28T04:00:00Z,13,1,,246,281,98,245,44,34,104,28,74,70,163,97,219,32,113,50,5,24,285,2226
"",2005-09-04T04:00:00Z,5,,1,235,229,115,224,46,38,99,20,67,32,137,83,191,28,98,50,7,16,246,1967
"",2005-09-11T04:00:00Z,13,2,,211,237,112,217,50,47,87,19,70,19,136,89,182,38,109,64,6,21,220,1949
"",2005-09-18T04:00:00Z,17,,5,212,191,82,230,54,37,55,20,70,34,140,73,195,28,97,58,8,19,214,1839
"",2005-09-25T04:00:00Z,12,,3,181,267,59,210,39,26,49,20,43,18,121,64,160,37,101,44,7,17,216,1694
"",2005-10-02T04:00:00Z,32,2,4,347,333,150,350,77,40,137,40,119,38,298,126,286,56,162,115,10,52,369,3143
"",2005-10-09T04:00:00Z,19,2,1,333,258,87,238,42,36,117,33,70,15,214,59,166,49,150,74,7,21,260,2251
"",2005-10-16T04:00:00Z,10,,2,256,280,103,293,62,45,95,23,61,14,185,64,200,66,139,65,9,24,268,2264
"",2005-10-23T04:00:00Z,15,3,4,214,305,81,246,41,33,101,31,53,21,194,48,178,50,125,49,7,20,204,2023
"",2005-10-30T04:00:00Z,30,,2,224,281,137,267,57,48,109,31,73,21,254,82,267,82,154,66,8,35,260,2488
"",2005-11-06T05:00:00Z,28,1,2,210,270,86,226,40,36,76,21,51,14,202,56,156,61,129,57,4,20,225,1971
"",2005-11-13T05:00:00Z,41,,3,274,319,115,319,51,30,81,24,85,13,228,68,201,98,136,80,3,33,238,2440
"",2005-11-20T05:00:00Z,43,,1,361,327,86,249,98,15,54,32,55,15,231,65,155,80,186,56,10,25,230,2374
"",2005-11-27T05:00:00Z,59,2,,302,222,73,301,61,29,84,34,76,18,317,80,179,122,151,79,5,37,270,2501
"",2005-12-04T05:00:00Z,49,2,2,504,262,113,310,57,35,114,36,71,15,479,73,177,120,154,66,7,43,294,2983
"",2005-12-11T05:00:00Z,56,6,3,629,290,111,262,77,38,74,35,79,72,492,66,147,94,144,60,5,28,283,3051
"",2005-12-18T05:00:00Z,102,10,3,1036,693,267,316,153,23,72,46,123,35,596,121,191,123,442,108,4,28,347,4839
"",2005-12-25T05:00:00Z,64,12,4,1430,3268,258,507,1607,22,70,24,212,22,1381,201,296,120,669,119,6,94,569,10955
"",2006-01-08T05:00:00Z,208,13,12,2739,1036,348,1167,325,100,374,140,310,85,1670,224,474,571,643,256,25,117,923,11760
"",2006-01-15T05:00:00Z,47,11,2,798,325,128,393,103,26,96,49,101,20,353,58,204,110,169,75,2,47,319,3436
"",2006-01-22T05:00:00Z,18,10,5,788,344,114,395,85,34,90,35,80,21,322,63,198,98,154,74,3,33,294,3258
"",2006-01-29T05:00:00Z,16,5,2,651,346,145,388,69,50,109,36,96,22,315,74,218,129,180,70,3,52,301,3277
"",2006-02-05T05:00:00Z,13,9,4,522,306,118,352,73,45,102,31,84,39,268,62,177,78,184,60,4,26,257,2814
"",2006-02-12T05:00:00Z,10,3,4,642,230,100,285,75,26,93,28,67,17,211,53,191,77,132,66,3,34,240,2587
"",2006-02-19T05:00:00Z,15,1,1,464,1502,107,308,525,24,86,24,70,17,298,101,208,75,283,93,6,38,241,4487
"",2006-02-26T05:00:00Z,4,2,1,420,464,87,304,53,40,75,28,72,23,223,64,203,40,143,73,6,23,243,2591
"",2006-03-05T05:00:00Z,5,1,2,363,283,113,299,63,33,156,27,65,33,227,58,219,41,152,62,4,24,262,2492
"",2006-03-12T05:00:00Z,6,1,3,271,261,69,254,69,41,81,26,59,19,184,51,195,38,149,48,8,22,243,2098
"",2006-03-19T05:00:00Z,2,1,3,263,203,58,215,50,36,58,17,74,24,143,53,183,19,151,65,5,25,192,1840
"",2006-03-26T05:00:00Z,1,1,2,197,330,76,247,44,15,105,14,63,31,138,50,155,33,70,45,7,19,189,1832
"",2006-04-02T05:00:00Z,7,,5,343,425,133,458,88,59,229,37,133,104,305,98,241,44,189,95,7,23,355,3378
"",2006-04-09T04:00:00Z,1,,23,174,192,88,259,66,29,98,21,56,18,180,54,151,30,134,63,8,24,167,1836
"",2006-04-16T04:00:00Z,2,1,7,188,316,70,291,703,49,108,28,109,31,286,86,259,29,316,98,4,43,267,3291
"",2006-04-23T04:00:00Z,7,,5,159,268,84,326,56,25,85,12,120,29,151,66,207,26,110,51,5,27,207,2026
"",2006-04-30T04:00:00Z,2,,2,186,360,89,327,55,46,136,30,105,29,296,64,225,25,158,60,6,31,260,2492
"",2006-05-07T04:00:00Z,6,1,3,196,253,89,307,53,24,104,19,118,17,208,61,192,27,163,59,6,43,224,2173
"",2006-05-14T04:00:00Z,4,,,224,265,89,280,64,22,90,23,104,27,197,72,188,21,241,69,6,34,224,2244
"",2006-05-21T04:00:00Z,7,1,,191,216,88,277,44,26,95,28,89,27,164,68,260,42,208,68,5,19,233,2156
"",2006-05-28T04:00:00Z,5,,3,164,225,81,242,34,32,86,13,89,21,136,62,206,30,167,52,6,18,186,1858
"",2006-06-04T04:00:00Z,115,,3,188,248,84,342,54,48,127,28,104,18,174,92,242,23,220,53,8,32,242,2445
"",2006-06-11T04:00:00Z,45,,1,142,183,85,241,53,34,114,18,79,16,144,75,192,23,174,65,3,29,206,1922
"",2006-06-18T04:00:00Z,34,,1,136,210,92,258,257,52,94,33,79,24,145,229,269,27,230,68,10,51,276,2575
"",2006-06-25T04:00:00Z,19,2,7,140,285,106,276,568,27,81,20,95,21,209,321,254,29,254,62,7,105,242,3130
"",2006-07-02T04:00:00Z,30,2,1,264,954,113,456,525,60,178,29,171,28,544,425,413,54,448,136,8,119,416,5374
"",2006-07-09T04:00:00Z,13,2,1,145,327,93,352,117,47,116,25,102,14,225,146,240,23,183,62,4,63,217,2517
"",2006-07-16T04:00:00Z,9,,4,162,371,99,304,98,38,102,39,79,21,240,131,244,33,159,84,9,40,238,2504
"",2006-07-23T04:00:00Z,14,,1,155,345,82,284,113,33,99,28,63,12,205,113,211,13,166,70,2,28,184,2221
"",2006-07-30T04:00:00Z,10,1,2,151,387,150,289,172,49,110,30,92,26,235,137,242,20,198,60,3,27,276,2667
"",2006-08-06T04:00:00Z,7,,2,172,293,97,283,179,28,89,30,70,25,217,135,218,13,161,65,5,37,235,2361
"",2006-08-13T04:00:00Z,14,1,3,193,222,93,279,148,38,78,30,70,21,193,101,228,33,176,80,4,27,229,2261
"",2006-08-20T04:00:00Z,11,,1,173,224,70,243,120,35,82,20,64,28,172,94,181,24,137,69,2,30,208,1988
"",2006-08-27T04:00:00Z,9,1,4,206,217,119,247,40,52,73,29,64,53,159,109,185,23,137,54,8,23,204,2016
"",2006-09-03T04:00:00Z,6,,3,191,270,110,243,47,48,66,21,75,30,158,147,194,16,137,54,8,28,217,2069
"",2006-09-10T04:00:00Z,11,,2,188,270,85,256,62,30,66,21,69,28,146,93,201,18,110,72,8,19,259,2014
"",2006-09-17T04:00:00Z,11,1,,185,261,87,209,53,31,81,20,62,43,158,64,213,16,134,58,3,16,225,1931
"",2006-09-24T04:00:00Z,12,,6,163,209,94,188,43,30,58,15,51,17,105,58,162,14,107,54,4,14,195,1599
"",2006-10-08T04:00:00Z,59,1,1,536,671,278,643,119,102,190,64,195,54,471,182,485,67,334,175,11,75,591,5304
"",2006-10-15T04:00:00Z,23,1,3,190,233,89,248,59,22,106,33,67,19,189,65,209,46,165,49,6,38,256,2116
"",2006-10-22T04:00:00Z,16,1,,227,307,91,244,66,32,129,23,69,30,168,67,224,30,122,64,9,23,246,2188
"",2006-10-29T04:00:00Z,29,1,4,204,257,121,269,64,32,104,27,81,16,231,80,198,77,144,63,6,34,227,2269
"",2006-11-05T05:00:00Z,22,,2,248,242,100,244,63,23,109,18,69,16,194,70,171,50,122,62,6,27,234,2092
"",2006-11-12T05:00:00Z,38,2,4,332,364,111,261,57,35,97,29,60,14,234,73,208,72,160,87,6,32,279,2555
"",2006-11-19T05:00:00Z,37,3,1,363,369,79,241,95,37,61,26,56,13,252,71,151,68,225,57,7,25,249,2486
"",2006-11-26T05:00:00Z,57,4,2,307,303,87,285,62,24,79,32,45,18,284,82,145,88,186,64,3,27,217,2401
"",2006-12-03T05:00:00Z,88,3,3,448,333,131,294,80,31,106,34,82,14,505,84,197,108,154,70,6,44,298,3113
"",2006-12-10T05:00:00Z,51,,2,523,232,117,297,51,31,63,32,89,14,475,72,162,86,166,60,8,28,253,2812
"",2006-12-17T05:00:00Z,93,6,,791,593,212,329,61,36,85,45,95,26,523,98,181,109,390,105,9,36,318,4141
"",2006-12-24T05:00:00Z,86,11,2,1645,3512,237,497,1750,25,70,42,253,29,1582,214,294,126,762,182,14,109,581,12023
"",2006-12-31T05:00:00Z,24,2,1,351,448,151,307,90,31,217,36,101,27,286,77,169,73,183,87,3,31,284,2979
"",2007-01-07T05:00:00Z,198,10,1,2037,607,223,751,246,49,191,118,194,32,1440,174,319,420,427,154,19,97,591,8298
"",2007-01-14T05:00:00Z,57,12,6,894,407,99,366,129,39,140,37,83,18,440,66,195,98,217,83,5,37,304,3732
"",2007-01-21T05:00:00Z,23,7,3,830,366,130,371,75,28,131,43,59,11,393,83,216,75,194,84,5,26,326,3479
"",2007-01-28T05:00:00Z,18,10,1,786,389,121,404,79,34,292,51,102,27,358,76,204,76,193,79,5,36,354,3695
"",2007-02-04T05:00:00Z,14,20,1,1008,484,119,345,76,28,140,47,95,23,370,77,199,73,189,88,11,31,337,3775
"",2007-02-11T05:00:00Z,8,10,,735,291,102,268,76,18,87,20,80,14,234,51,150,60,159,68,7,23,226,2687
"",2007-02-18T05:00:00Z,9,4,2,513,293,123,316,531,26,82,28,65,12,365,80,205,52,332,67,10,24,242,3381
"",2007-02-25T05:00:00Z,5,4,3,449,405,137,271,57,37,114,30,99,23,259,57,185,37,164,63,9,20,234,2662
"",2007-03-04T05:00:00Z,4,2,2,346,310,117,317,67,42,102,35,95,22,255,59,207,26,194,66,3,32,269,2572
"",2007-03-11T05:00:00Z,3,1,2,267,258,86,215,61,34,74,25,60,16,168,59,199,31,218,64,4,15,218,2078
"",2007-03-18T04:00:00Z,3,3,2,257,293,92,226,60,34,109,23,69,18,161,55,202,14,187,63,3,26,226,2126
"",2007-03-25T04:00:00Z,2,3,2,171,226,99,214,39,33,80,30,51,22,143,54,166,13,114,45,11,13,204,1735
"",2007-04-08T04:00:00Z,11,1,4,467,738,308,648,153,100,242,72,195,68,556,144,473,58,377,146,16,65,549,5391
"",2007-04-15T04:00:00Z,8,,,221,296,87,299,672,38,85,24,94,24,321,109,258,21,269,74,5,36,283,3224
"",2007-04-22T04:00:00Z,1,,2,132,225,90,284,59,27,93,26,119,21,170,65,197,26,155,55,3,26,193,1969
"",2007-04-29T04:00:00Z,2,,3,174,249,101,282,59,40,154,30,121,28,192,54,194,20,136,61,7,21,239,2167
"",2007-05-06T04:00:00Z,7,,3,165,240,84,268,44,35,85,24,94,17,175,71,218,21,168,53,6,30,240,2048
"",2007-05-13T04:00:00Z,4,,1,144,202,95,253,53,42,94,23,83,8,197,75,190,27,222,57,7,43,209,2029
"",2007-05-20T04:00:00Z,3,2,,144,273,92,235,46,37,94,17,53,19,170,75,244,35,245,53,6,30,269,2142
"",2007-05-27T04:00:00Z,5,,1,146,181,85,215,33,19,95,16,83,20,131,52,173,17,157,40,5,22,204,1700
"",2007-06-03T04:00:00Z,11,,2,153,235,95,300,57,42,170,28,129,20,203,97,270,32,210,59,6,27,251,2397
"",2007-06-10T04:00:00Z,8,,3,154,203,75,237,63,28,60,31,88,10,151,74,228,25,199,71,7,41,222,1978
"",2007-06-17T04:00:00Z,17,,4,128,179,64,223,251,33,113,23,79,35,156,221,236,27,239,60,4,32,258,2382
"",2007-06-24T04:00:00Z,12,,2,126,277,91,236,567,35,92,20,69,25,178,316,220,28,248,59,7,106,268,2982
"",2007-07-08T04:00:00Z,41,1,6,423,1379,226,697,629,123,231,72,277,78,685,612,675,96,705,227,13,196,691,8083
"",2007-07-15T04:00:00Z,16,,2,172,363,99,270,91,37,98,26,100,25,232,121,247,25,184,74,6,41,273,2502
"",2007-07-22T04:00:00Z,6,2,2,170,335,84,260,107,46,77,25,78,15,200,100,209,25,189,69,6,27,212,2244
"",2007-07-29T04:00:00Z,26,3,2,182,338,114,272,156,28,82,36,81,25,262,124,252,31,167,74,8,41,258,2562
"",2007-08-05T04:00:00Z,9,2,2,186,357,100,288,211,37,94,25,80,26,214,140,223,25,168,62,9,37,280,2575
"",2007-08-12T04:00:00Z,9,,1,148,219,68,239,173,28,82,27,64,19,179,107,232,39,154,71,2,33,230,2124
"",2007-08-19T04:00:00Z,5,,,189,215,80,252,132,39,128,16,56,27,153,99,195,21,164,63,6,34,223,2097
"",2007-08-26T04:00:00Z,5,,2,188,226,77,255,50,30,77,17,62,25,160,108,194,17,130,50,10,31,214,1928
"",2007-09-02T04:00:00Z,5,,2,185,244,87,235,48,28,99,35,100,18,158,109,203,21,128,64,11,29,240,2049
"",2007-09-09T04:00:00Z,12,1,1,221,227,80,232,60,35,75,21,61,18,148,76,238,19,147,67,5,21,216,1981
"",2007-09-16T04:00:00Z,12,1,1,175,212,91,220,62,20,87,25,64,17,170,68,208,22,135,53,4,22,253,1922
"",2007-09-23T04:00:00Z,14,,1,159,233,72,188,42,34,75,29,66,8,159,67,175,18,129,60,6,22,231,1788
"",2007-09-30T04:00:00Z,14,,1,156,236,80,187,59,42,84,26,71,12,164,66,206,17,126,79,10,31,228,1895
"",2007-10-07T04:00:00Z,48,1,3,409,384,119,356,84,85,135,52,122,24,322,124,337,47,234,103,8,63,362,3422
"",2007-10-14T04:00:00Z,31,1,4,234,199,88,250,60,30,103,33,74,17,229,77,249,47,166,82,8,35,279,2296
"",2007-10-21T04:00:00Z,21,,1,259,212,92,230,64,26,78,28,66,14,202,59,203,35,136,60,8,28,272,2094
"",2007-10-28T04:00:00Z,26,,4,273,213,85,276,67,30,83,36,70,11,251,71,248,53,143,71,7,34,298,2350
"",2007-11-04T04:00:00Z,34,1,2,276,356,118,279,68,38,112,40,100,14,262,86,204,65,143,80,5,36,328,2647
"",2007-11-11T05:00:00Z,27,1,3,329,262,84,267,54,32,110,33,77,19,221,70,206,56,96,63,7,33,265,2315
"",2007-11-18T05:00:00Z,42,4,,436,505,118,250,87,27,105,33,88,16,277,110,148,68,225,71,12,46,298,2966
"",2007-11-25T05:00:00Z,44,2,4,289,242,62,268,64,25,102,28,57,18,281,67,159,81,161,65,6,41,286,2352
"",2007-12-02T05:00:00Z,70,2,1,529,272,106,283,67,36,119,33,95,17,426,83,184,133,182,67,6,49,317,3077
"",2007-12-09T05:00:00Z,97,4,3,594,252,93,223,75,23,60,37,66,14,466,76,157,83,140,71,7,29,276,2846
"",2007-12-16T05:00:00Z,111,3,1,957,391,180,316,101,40,87,34,113,11,624,93,169,88,350,85,10,41,353,4158
"",2007-12-23T05:00:00Z,94,10,1,1922,3586,217,521,1846,28,83,52,336,12,1527,254,301,152,879,192,12,119,696,12840
"",2007-12-30T05:00:00Z,34,7,1,472,321,143,282,92,59,121,46,104,21,305,69,151,81,174,64,5,33,271,2856
"",2008-01-06T05:00:00Z,215,11,1,1902,508,245,660,208,67,130,108,182,26,1336,140,314,442,438,174,20,89,646,7862
"",2008-01-13T05:00:00Z,65,8,5,829,330,173,444,141,48,126,56,97,22,487,88,210,112,269,98,12,46,424,4090
"",2008-01-20T05:00:00Z,33,6,3,780,280,111,385,91,29,93,41,74,9,437,56,195,78,187,94,8,33,340,3363
"",2008-01-27T05:00:00Z,23,7,,725,359,122,370,103,45,90,42,105,15,462,79,217,86,168,90,10,38,323,3479
"",2008-02-03T05:00:00Z,22,17,1,804,391,145,404,93,44,107,28,123,54,366,76,242,67,195,78,12,36,383,3688
"",2008-02-10T05:00:00Z,14,9,2,690,374,92,314,102,33,72,33,98,7,234,59,184,68,164,94,8,39,273,2963
"",2008-02-17T05:00:00Z,11,,2,541,285,98,308,586,33,85,30,103,13,294,101,210,70,288,85,12,23,302,3480
"",2008-02-24T05:00:00Z,6,,1,516,382,141,343,87,45,70,24,71,12,289,62,230,47,182,79,9,23,300,2919
"",2008-03-02T05:00:00Z,5,5,3,388,366,131,336,92,35,138,32,111,15,253,71,198,29,178,89,13,26,353,2867
"",2008-03-09T05:00:00Z,7,,,300,406,96,305,69,55,113,30,66,16,206,78,215,21,198,86,13,20,245,2545
"",2008-03-16T04:00:00Z,1,,2,280,245,82,267,58,37,82,27,82,11,186,51,172,20,199,68,10,16,243,2139
"",2008-03-23T04:00:00Z,5,2,1,268,243,112,339,66,52,87,36,64,16,172,51,188,16,150,64,4,25,266,2227
"",2008-03-30T04:00:00Z,1,,1,214,292,110,269,53,109,128,37,121,22,158,75,195,19,118,81,7,22,259,2291
"",2008-04-06T04:00:00Z,5,,5,329,439,143,502,96,62,133,66,142,48,405,109,319,41,266,105,9,25,383,3632
"",2008-04-13T04:00:00Z,12,,1,288,281,101,338,638,76,97,36,97,19,295,113,237,32,290,63,8,34,306,3362
"",2008-04-20T04:00:00Z,1,1,,215,278,105,284,132,45,83,30,159,13,191,70,191,28,175,61,6,34,257,2359
"",2008-04-27T04:00:00Z,5,1,,297,279,98,312,75,57,117,30,120,18,226,73,219,15,151,59,11,24,261,2448
"",2008-05-04T04:00:00Z,7,,1,242,358,119,321,50,37,152,33,126,20,214,59,210,27,159,56,5,22,287,2505
"",2008-05-11T04:00:00Z,8,,,258,290,95,312,68,57,115,30,115,18,203,91,219,22,198,77,12,44,269,2501
"",2008-05-18T04:00:00Z,2,1,1,233,294,91,282,68,49,124,29,81,19,201,91,246,19,277,78,7,36,271,2500
"",2008-05-25T04:00:00Z,6,1,2,228,228,76,237,41,32,120,29,60,16,163,77,177,19,209,69,3,34,219,2046
"",2008-06-01T04:00:00Z,16,1,1,192,264,125,319,73,92,156,38,136,34,214,96,285,30,228,82,9,85,307,2783
"",2008-06-08T04:00:00Z,6,1,1,176,266,89,274,102,65,126,26,117,18,220,112,231,22,188,82,7,53,263,2445
"",2008-06-15T04:00:00Z,16,,1,187,204,100,283,213,51,134,17,96,19,205,317,289,25,249,88,12,56,251,2813
"",2008-06-22T04:00:00Z,12,3,3,216,308,102,284,663,43,110,28,95,22,212,426,291,40,282,82,8,110,295,3635
"",2008-06-29T04:00:00Z,7,1,2,179,656,86,241,83,58,111,31,111,19,226,265,262,20,222,80,8,43,282,2993
"",2008-07-06T04:00:00Z,26,2,4,387,717,211,626,583,79,198,85,309,44,692,522,590,87,582,185,26,159,904,7018
"",2008-07-13T04:00:00Z,7,1,4,257,341,148,314,136,61,133,27,163,21,286,216,312,37,248,92,17,60,551,3432
"",2008-07-20T04:00:00Z,16,1,3,243,395,118,355,157,56,125,30,120,19,272,170,280,28,254,95,12,61,400,3210
"",2008-07-27T04:00:00Z,19,,4,234,600,125,302,199,66,103,41,123,25,247,166,264,30,261,69,12,51,347,3288
"",2008-08-03T04:00:00Z,14,1,4,271,493,141,401,217,73,133,49,133,22,360,198,299,41,245,91,9,55,349,3599
"",2008-08-10T04:00:00Z,13,2,3,234,441,131,361,219,52,133,46,126,35,276,152,301,22,220,99,10,57,405,3338
"",2008-08-17T04:00:00Z,13,1,6,305,457,170,385,169,75,195,41,146,36,310,161,351,45,225,98,33,66,1039,4327
"",2008-08-24T04:00:00Z,13,2,1,325,351,136,369,101,71,152,41,123,25,310,211,324,25,198,118,36,47,1307,4286
"",2008-08-31T04:00:00Z,36,,1,305,338,128,341,80,86,166,54,118,47,285,159,282,29,189,106,20,46,734,3550
"",2008-09-07T04:00:00Z,23,1,2,315,353,128,347,93,77,164,41,100,20,248,139,305,27,198,113,14,34,463,3205
"",2008-09-14T04:00:00Z,24,,3,295,356,122,305,83,66,139,48,133,15,256,103,255,26,173,80,8,29,361,2880
"",2008-09-21T04:00:00Z,31,,2,258,340,108,301,90,58,140,33,83,25,220,110,249,30,160,83,6,36,298,2661
"",2008-09-28T04:00:00Z,10,,4,252,389,105,305,86,43,129,41,126,21,237,101,224,17,168,75,5,36,372,2746
"",2008-10-05T04:00:00Z,70,,3,471,503,214,491,120,86,217,50,203,41,450,152,347,64,324,142,15,71,495,4529
"",2008-10-12T04:00:00Z,38,2,1,302,489,117,325,77,40,104,38,108,17,217,80,206,46,255,86,11,44,340,2943
"",2008-10-19T04:00:00Z,35,6,3,422,503,132,337,94,70,108,54,137,25,312,77,232,52,441,90,8,42,336,3516
"",2008-10-26T04:00:00Z,35,2,1,403,844,196,357,83,52,133,36,121,21,342,77,220,72,228,83,7,45,356,3714
"",2008-11-02T04:00:00Z,35,10,3,488,608,201,440,107,57,174,47,213,34,388,104,285,127,221,102,10,69,400,4123
"",2008-11-09T05:00:00Z,37,1,3,499,641,203,368,79,64,143,56,160,20,331,89,246,90,180,86,11,51,325,3683
"",2008-11-16T05:00:00Z,43,5,3,578,741,220,400,147,70,195,59,166,26,465,86,252,85,246,103,11,59,413,4373
"",2008-11-23T05:00:00Z,111,3,3,680,1592,162,357,155,56,111,60,186,88,474,107,234,102,301,90,10,55,434,5371
"",2008-11-30T05:00:00Z,89,3,1,604,846,197,459,117,64,202,76,174,24,604,118,223,162,212,101,9,57,432,4774
"",2008-12-07T05:00:00Z,110,1,4,945,711,215,453,133,77,205,56,202,17,821,145,296,115,314,154,15,59,519,5567
"",2008-12-14T05:00:00Z,144,3,4,1081,935,248,483,142,63,151,56,167,14,814,125,263,98,381,125,16,64,518,5895
"",2008-12-21T05:00:00Z,88,21,5,2588,4723,323,710,1956,88,143,63,340,59,1408,293,366,177,1025,250,24,155,734,15539
"",2008-12-28T05:00:00Z,53,6,2,769,3048,213,528,228,98,166,87,202,59,696,122,225,98,284,110,10,62,418,7484
"",2009-01-04T05:00:00Z,253,12,9,2221,1405,473,1018,297,176,424,150,408,72,1748,237,377,534,672,200,19,147,860,11712
"",2009-01-11T05:00:00Z,71,13,5,1297,1049,256,729,238,116,232,90,245,53,748,170,319,161,360,147,17,71,553,6940
"",2009-01-18T05:00:00Z,51,7,,1103,915,264,648,155,90,218,86,224,39,661,139,333,132,393,141,11,65,541,6216
"",2009-01-25T05:00:00Z,23,6,4,947,1093,272,678,158,86,193,80,240,42,568,122,323,122,317,121,14,54,510,5973
"",2009-02-01T05:00:00Z,30,19,6,1074,1203,325,694,155,102,287,119,339,121,624,126,379,113,285,144,11,70,577,6803
"",2009-02-08T05:00:00Z,28,11,2,887,1242,282,627,219,121,216,71,197,70,496,141,316,97,289,159,10,41,483,6005
"",2009-02-15T05:00:00Z,11,4,2,707,1635,286,583,689,117,223,64,225,55,516,185,351,95,417,144,14,58,563,6944
"",2009-02-22T05:00:00Z,16,3,3,682,885,260,560,137,76,206,49,218,27,479,122,353,100,253,127,13,42,462,5073
"",2009-03-01T05:00:00Z,6,8,4,714,1364,292,565,173,183,339,83,301,56,459,155,308,50,262,154,14,90,570,6150
"",2009-03-08T05:00:00Z,14,2,2,556,1204,255,666,130,103,224,79,219,47,428,117,332,40,332,134,13,50,454,5401
"",2009-03-15T04:00:00Z,5,,1,471,995,370,540,139,108,225,58,232,49,398,102,342,37,303,140,15,36,465,5031
"",2009-03-22T04:00:00Z,6,2,2,407,872,240,482,143,88,224,34,176,63,350,99,320,35,287,139,16,17,410,4412
"",2009-03-29T04:00:00Z,4,1,4,430,1108,253,450,121,161,268,55,238,58,398,142,281,29,219,120,12,35,460,4847
"",2009-04-05T04:00:00Z,13,,3,557,1094,362,742,227,120,243,74,277,73,698,166,491,65,425,182,21,54,580,6467
"",2009-04-12T04:00:00Z,12,,6,420,4882,280,527,625,138,189,62,256,59,453,156,369,52,383,121,15,61,536,9602
"",2009-04-19T04:00:00Z,3,1,5,362,1152,369,501,260,106,181,45,311,39,363,118,323,47,280,106,21,39,445,5077
"",2009-04-26T04:00:00Z,11,,5,373,802,263,485,118,107,213,47,318,33,368,119,354,40,255,117,6,35,362,4431
"",2009-05-03T04:00:00Z,14,2,4,414,1056,278,585,121,127,259,72,329,53,415,116,374,55,265,141,11,47,434,5172
"",2009-05-10T04:00:00Z,14,,1,348,843,198,492,126,102,201,47,229,40,384,108,329,43,302,127,12,74,435,4455
"",2009-05-17T04:00:00Z,7,1,3,352,2599,229,449,112,139,217,43,200,31,343,123,319,40,307,124,9,62,372,6081
"",2009-05-24T04:00:00Z,8,3,3,319,761,196,381,92,67,171,40,169,29,312,127,316,32,351,99,13,48,347,3884
"",2009-05-31T04:00:00Z,8,,5,331,1036,299,551,117,131,284,56,300,74,420,169,414,54,385,115,9,109,447,5314
"",2009-06-07T04:00:00Z,8,1,3,314,1267,207,467,166,100,161,41,192,95,359,181,366,39,332,114,6,91,410,4920
"",2009-06-14T04:00:00Z,15,2,3,275,764,229,440,172,96,209,46,196,37,344,363,365,46,316,134,11,65,359,4487
"",2009-06-21T04:00:00Z,20,,3,297,774,207,414,746,119,193,45,180,35,335,684,398,84,397,123,10,137,373,5574
"",2009-06-28T04:00:00Z,9,2,4,285,1387,196,378,325,86,222,56,229,56,354,642,413,42,273,125,12,104,395,5595
"",2009-07-05T04:00:00Z,34,2,3,370,2397,288,675,631,145,209,92,419,105,714,676,616,87,556,213,15,237,557,9041
"",2009-07-12T04:00:00Z,19,,5,318,653,199,445,161,125,209,52,215,35,418,280,466,42,305,107,9,93,419,4575
"",2009-07-19T04:00:00Z,22,,5,370,708,234,482,163,114,191,48,216,37,424,257,428,57,337,132,11,71,452,4759
"",2009-07-26T04:00:00Z,29,2,2,352,804,179,495,211,108,144,41,216,34,347,216,415,39,331,102,12,54,404,4537
"",2009-08-02T04:00:00Z,20,1,2,383,929,215,490,302,150,242,54,272,61,416,273,525,48,365,135,11,96,505,5495
"",2009-08-09T04:00:00Z,23,1,3,340,678,174,463,258,107,166,53,166,53,371,204,409,40,291,115,16,54,389,4374
"",2009-08-16T04:00:00Z,13,,3,326,680,231,390,172,120,198,33,138,27,353,205,359,38,254,113,7,60,414,4134
"",2009-08-23T04:00:00Z,20,1,3,338,501,154,374,122,98,144,50,146,31,308,225,417,39,248,125,14,59,353,3770
"",2009-08-30T04:00:00Z,28,2,,384,1089,178,464,93,105,199,66,214,70,388,239,442,38,261,129,16,69,406,4880
"",2009-09-06T04:00:00Z,52,,4,322,403,128,378,108,85,151,41,152,30,290,149,360,31,243,98,10,33,324,3392
"",2009-09-13T04:00:00Z,33,5,4,311,465,195,426,117,101,164,48,134,25,283,123,357,33,254,105,8,39,362,3592
"",2009-09-20T04:00:00Z,44,2,3,340,511,128,366,121,89,173,40,132,23,312,139,327,55,267,116,10,40,395,3633
"",2009-09-27T04:00:00Z,31,,6,323,535,142,391,165,83,143,54,136,23,325,159,318,36,257,80,14,58,388,3667
"",2009-10-04T04:00:00Z,97,2,6,600,751,294,588,166,106,289,80,259,48,546,210,483,90,431,199,21,100,611,5977
"",2009-10-11T04:00:00Z,38,3,2,410,662,186,432,113,71,175,38,167,31,325,110,347,49,314,126,12,61,361,4033
"",2009-10-18T04:00:00Z,33,1,1,446,499,176,425,105,104,132,62,153,23,370,96,375,75,411,125,16,73,391,4092
"",2009-10-25T04:00:00Z,40,2,2,485,624,200,434,116,91,143,47,154,23,431,107,373,88,292,115,20,77,451,4315
"",2009-11-01T04:00:00Z,46,5,3,533,703,236,533,153,102,222,96,280,45,503,136,455,142,370,134,12,110,503,5322
"",2009-11-08T05:00:00Z,35,5,3,554,691,187,465,156,71,184,58,185,29,442,122,371,111,284,145,15,59,574,4746
"",2009-11-15T05:00:00Z,70,3,4,603,581,233,506,140,77,234,61,201,30,468,102,388,112,284,133,12,74,540,4856
"",2009-11-22T05:00:00Z,110,4,3,645,1314,214,355,151,70,148,56,181,11,590,133,298,137,341,122,8,64,400,5355
"",2009-11-29T05:00:00Z,111,2,3,587,678,183,533,116,86,200,78,230,32,625,146,324,213,312,137,14,70,475,5155
"",2009-12-06T05:00:00Z,150,,4,912,467,197,493,136,91,187,90,195,25,929,162,331,146,373,152,14,74,466,5594
"",2009-12-13T05:00:00Z,122,4,6,984,549,238,478,135,79,133,66,171,24,880,131,312,118,362,128,21,47,498,5486
"",2009-12-20T05:00:00Z,117,35,4,2213,2871,272,593,1835,57,135,70,367,20,1234,273,364,190,1012,229,19,125,632,12667
"",2009-12-27T05:00:00Z,91,7,3,1028,3406,202,517,628,71,138,46,387,21,857,140,277,116,438,140,10,92,442,9057
"",2010-01-03T05:00:00Z,337,19,13,2303,1045,492,1117,308,198,409,171,420,59,1862,304,547,573,817,227,33,181,864,12299
"",2010-01-10T05:00:00Z,100,12,4,1207,685,291,768,251,144,212,90,260,43,841,176,414,177,475,195,14,98,629,7086
"",2010-01-17T05:00:00Z,66,8,4,1097,749,275,754,205,105,197,100,270,30,747,149,446,150,483,164,14,71,642,6726
"",2010-01-24T05:00:00Z,36,7,5,931,795,288,678,164,101,175,57,221,35,607,141,416,125,391,139,22,61,658,6053
"",2010-01-31T05:00:00Z,38,13,4,1060,933,281,809,156,124,242,112,319,104,685,149,424,132,382,179,28,71,721,6966
"",2010-02-07T05:00:00Z,25,12,4,1118,741,233,598,180,87,194,60,179,54,537,131,355,110,338,158,12,64,556,5746
"",2010-02-14T05:00:00Z,11,6,2,800,890,287,635,739,109,179,61,194,52,510,181,421,102,473,162,11,68,589,6482
"",2010-02-21T05:00:00Z,16,5,5,847,530,208,599,155,81,177,64,192,25,464,118,390,106,281,144,15,60,488,4970
"",2010-02-28T05:00:00Z,7,12,12,734,753,285,674,155,183,279,76,272,50,474,161,441,69,344,173,10,90,567,5821
"",2010-03-07T05:00:00Z,11,2,3,527,686,218,616,124,105,195,80,196,28,410,117,368,54,394,126,13,59,440,4772
"",2010-03-14T05:00:00Z,6,2,2,497,662,292,517,129,87,235,59,210,33,385,123,388,50,330,145,6,40,464,4662
"",2010-03-21T04:00:00Z,10,1,4,432,509,199,568,110,69,215,52,190,38,311,97,367,39,353,126,13,57,451,4211
"",2010-03-28T04:00:00Z,3,,6,494,638,228,843,129,116,233,48,243,35,355,127,321,35,246,106,20,42,545,4813
"",2010-04-04T04:00:00Z,5,,8,528,1008,306,868,164,105,280,71,307,66,700,173,566,61,430,210,32,72,808,6768
"",2010-04-11T04:00:00Z,7,,4,319,729,194,608,402,112,180,56,193,33,387,164,525,39,348,120,27,37,572,5056
"",2010-04-18T04:00:00Z,11,1,5,327,534,274,508,472,84,169,51,304,41,367,130,491,29,352,133,15,46,492,4836
"",2010-04-25T04:00:00Z,7,,1,363,515,153,484,91,78,156,47,248,33,348,101,390,38,240,125,20,39,448,3925
"",2010-05-02T04:00:00Z,14,,9,375,559,181,534,106,123,207,73,277,54,417,127,426,44,291,175,11,51,503,4557
"",2010-05-09T04:00:00Z,13,,2,339,487,146,486,99,95,168,54,226,43,385,99,424,75,314,117,19,78,433,4102
"",2010-05-16T04:00:00Z,6,3,8,310,432,149,429,95,88,179,46,184,27,356,131,461,49,358,114,18,47,565,4055
"",2010-05-23T04:00:00Z,11,1,8,300,1224,138,423,101,74,144,54,182,37,335,134,432,43,406,131,12,45,633,4868
"",2010-05-30T04:00:00Z,9,2,11,332,2888,161,485,106,106,218,56,246,38,355,155,402,37,352,110,8,74,485,6636
"",2010-06-06T04:00:00Z,19,,12,303,478,165,452,114,66,147,35,204,53,315,184,408,46,308,92,16,78,518,4013
"",2010-06-13T04:00:00Z,21,1,3,271,396,135,475,156,89,151,42,186,20,301,393,400,35,332,117,6,89,419,4038
"",2010-06-20T04:00:00Z,16,,3,272,447,128,418,741,62,139,44,224,38,327,932,509,48,396,128,21,142,500,5535
"",2010-06-27T04:00:00Z,13,1,5,229,694,133,357,401,60,191,50,232,34,332,656,471,46,294,135,7,191,490,5022
"",2010-07-04T04:00:00Z,40,1,,451,1278,235,639,586,83,230,91,333,50,688,759,668,102,575,207,19,330,733,8098
"",2010-07-11T04:00:00Z,22,1,6,281,465,163,435,168,94,201,44,169,66,343,288,450,33,315,121,13,122,517,4317
"",2010-07-18T04:00:00Z,20,,5,328,431,153,458,142,85,186,57,169,22,347,260,426,59,309,122,15,107,493,4194
"",2010-07-25T04:00:00Z,28,,2,289,506,139,511,203,68,188,44,187,24,353,230,377,42,358,119,11,106,537,4322
"",2010-08-01T04:00:00Z,42,3,5,346,494,188,502,278,97,189,71,261,82,433,301,490,56,358,135,20,179,584,5114
"",2010-08-08T04:00:00Z,16,,1,281,646,130,482,269,61,153,43,170,35,337,246,436,32,300,112,23,128,502,4403
"",2010-08-15T04:00:00Z,28,1,3,271,404,157,419,197,81,158,49,157,24,355,235,398,46,279,121,16,169,445,4013
"",2010-08-22T04:00:00Z,53,,3,339,393,154,400,127,71,162,45,124,23,303,240,400,41,255,109,8,140,428,3818
"",2010-08-29T04:00:00Z,29,,8,337,580,162,451,75,69,157,58,173,47,308,250,426,53,283,122,11,137,458,4194
"",2010-09-05T04:00:00Z,42,1,8,307,429,164,344,113,62,119,44,152,22,268,150,382,36,223,113,10,87,417,3493
"",2010-09-12T04:00:00Z,36,3,4,296,337,134,416,87,61,144,47,139,23,327,159,376,34,341,112,17,86,420,3599
"",2010-09-19T04:00:00Z,38,1,5,293,359,119,350,89,48,153,45,101,12,303,137,372,41,370,109,14,80,421,3460
"",2010-09-26T04:00:00Z,25,,6,323,368,115,392,132,80,116,45,134,15,372,129,370,32,296,109,19,80,447,3605
"",2010-10-03T04:00:00Z,137,2,5,591,775,243,628,175,107,208,81,252,42,679,223,619,90,479,214,29,273,828,6680
"",2010-10-10T04:00:00Z,35,1,4,317,463,152,430,97,56,150,41,106,23,340,110,332,49,259,104,16,80,442,3607
"",2010-10-17T04:00:00Z,55,1,4,293,483,142,450,108,80,172,54,131,22,391,100,412,73,325,150,18,88,516,4068
"",2010-10-24T04:00:00Z,73,1,2,347,446,165,384,76,76,137,55,137,21,438,115,392,72,290,112,18,82,485,3924
"",2010-10-31T04:00:00Z,68,1,6,420,474,196,679,100,84,171,75,236,22,510,114,409,150,374,173,18,87,625,4992
"",2010-11-07T04:00:00Z,48,,4,383,317,141,444,95,77,120,57,124,13,411,95,306,83,271,135,7,77,423,3631
"",2010-11-14T05:00:00Z,73,,2,470,391,164,433,113,86,226,50,136,16,469,130,357,102,336,128,8,68,495,4253
"",2010-11-21T05:00:00Z,97,3,5,527,556,158,280,118,50,108,34,123,5,424,126,266,124,352,93,14,47,392,3902
"",2010-11-28T05:00:00Z,92,,6,466,386,137,388,119,66,153,55,136,17,504,145,350,197,278,126,18,81,467,4187
"",2010-12-05T05:00:00Z,139,1,9,663,359,159,455,124,56,151,75,151,20,749,142,333,162,305,142,14,72,535,4816
"",2010-12-12T05:00:00Z,133,5,3,779,354,177,403,113,45,162,64,139,19,883,138,364,107,339,130,11,73,503,4944
"",2010-12-19T05:00:00Z,130,35,6,1431,1216,185,474,877,72,100,69,229,12,1086,214,312,163,802,184,21,112,613,8343
"",2010-12-26T05:00:00Z,110,8,3,1233,2993,176,520,1640,46,81,50,544,16,943,208,395,158,594,155,12,108,775,10768
"",2011-01-02T05:00:00Z,412,19,26,2170,842,406,1070,319,101,355,169,374,38,2037,305,592,550,771,265,40,221,1170,12252
"",2011-01-09T05:00:00Z,92,10,6,1106,547,221,596,163,75,202,72,172,36,766,132,450,169,411,146,17,91,632,6112
"",2011-01-16T05:00:00Z,65,6,7,948,452,187,655,175,70,168,54,197,26,669,135,376,130,364,144,18,73,591,5510
"",2011-01-23T05:00:00Z,50,6,9,876,427,172,577,117,70,145,50,154,23,526,111,395,93,332,139,19,63,555,4909
"",2011-01-30T05:00:00Z,40,10,7,813,598,211,734,138,79,173,75,222,44,578,140,446,144,363,156,13,76,590,5650
"",2011-02-06T05:00:00Z,15,7,5,790,404,168,561,135,56,188,50,167,27,489,120,391,115,303,169,18,61,613,4852
"",2011-02-13T05:00:00Z,26,5,1,681,484,183,578,236,76,141,50,134,22,469,138,455,99,374,147,21,55,524,4899
"",2011-02-20T05:00:00Z,22,10,5,679,377,144,511,371,66,196,38,132,11,434,170,393,92,301,122,13,55,471,4613
"",2011-02-27T05:00:00Z,22,6,7,541,407,191,599,119,90,194,49,191,26,430,122,457,59,288,155,13,60,516,4542
"",2011-03-06T05:00:00Z,12,7,7,423,395,186,490,113,75,181,63,146,18,403,114,383,33,331,125,15,56,419,3995
"",2011-03-13T05:00:00Z,9,,7,370,348,173,436,101,74,165,37,121,18,319,110,382,29,285,118,6,51,398,3557
"",2011-03-20T04:00:00Z,10,1,2,340,305,127,423,98,56,170,52,131,28,250,82,325,39,274,139,15,35,405,3307
"",2011-03-27T04:00:00Z,6,,2,314,368,101,520,105,87,141,42,152,13,315,94,305,31,212,106,10,45,475,3444
"",2011-04-03T04:00:00Z,21,2,12,569,506,234,751,162,139,286,90,251,51,835,190,582,86,441,232,28,103,912,6483
"",2011-04-10T04:00:00Z,5,,5,258,423,149,446,105,72,146,36,127,20,349,119,409,33,248,118,12,30,442,3552
"",2011-04-17T04:00:00Z,9,2,5,325,445,142,442,849,70,206,54,241,19,337,154,505,42,397,140,15,46,454,4899
"",2011-04-24T04:00:00Z,10,,2,281,299,110,463,93,59,133,45,200,23,285,84,336,33,216,101,17,37,464,3291
"",2011-05-01T04:00:00Z,14,1,8,350,365,161,506,86,78,283,60,216,37,374,111,455,40,275,161,20,60,565,4226
"",2011-05-08T04:00:00Z,13,,2,263,318,99,432,93,65,122,45,164,24,367,94,406,38,241,104,15,68,479,3452
"",2011-05-15T04:00:00Z,12,,4,332,281,119,466,96,68,186,41,164,23,297,127,472,42,366,111,10,39,469,3725
"",2011-05-22T04:00:00Z,16,,8,272,608,117,394,89,53,122,44,140,14,309,128,422,41,395,106,16,30,370,3694
"",2011-05-29T04:00:00Z,9,,4,220,316,85,349,77,81,159,48,154,16,304,115,381,49,324,99,10,47,427,3274
"",2011-06-05T04:00:00Z,20,,5,276,418,137,437,72,81,131,37,172,19,308,165,407,31,305,105,21,46,444,3637
"",2011-06-12T04:00:00Z,24,,2,198,284,127,396,137,73,120,34,130,10,292,208,407,42,307,139,11,55,396,3392
"",2011-06-19T04:00:00Z,22,,5,228,391,104,332,553,62,129,22,136,20,279,616,420,40,329,108,16,81,385,4278
"",2011-06-26T04:00:00Z,19,,8,218,334,109,329,622,57,140,39,128,20,293,666,429,45,329,133,13,189,443,4563
"",2011-07-03T04:00:00Z,41,1,3,409,1030,200,625,622,78,251,73,316,36,815,748,730,89,615,234,27,255,942,8140
"",2011-07-10T04:00:00Z,16,1,2,250,409,122,364,150,83,171,44,160,43,316,276,406,38,274,121,18,70,530,3864
"",2011-07-17T04:00:00Z,31,1,4,241,382,129,414,146,77,135,41,133,24,371,235,399,44,288,108,13,79,430,3725
"",2011-07-24T04:00:00Z,24,,3,244,389,120,392,166,45,194,47,139,16,322,231,383,45,325,105,12,64,414,3680
"",2011-07-31T04:00:00Z,25,,1,273,411,133,422,273,58,175,66,177,46,363,230,507,47,314,142,20,94,503,4280
"",2011-08-07T04:00:00Z,24,,6,265,559,121,385,326,33,154,39,105,23,392,193,429,31,293,122,14,76,428,4018
"",2011-08-14T04:00:00Z,16,1,6,245,383,126,365,286,52,121,39,152,13,324,212,434,44,263,139,8,124,455,3808
"",2011-08-21T04:00:00Z,26,1,1,264,300,105,314,126,73,171,55,107,12,298,191,427,32,252,124,23,93,408,3403
"",2011-08-28T04:00:00Z,39,,4,322,1646,135,404,60,34,131,48,146,23,367,294,591,58,307,182,8,106,449,5354
"",2011-09-04T04:00:00Z,51,,8,329,516,91,306,78,42,127,44,123,21,265,148,334,48,204,106,11,71,388,3311
"",2011-09-11T04:00:00Z,50,1,3,228,346,104,367,83,45,139,46,129,18,320,148,389,31,303,115,12,78,465,3420
"",2011-09-18T04:00:00Z,25,1,4,232,325,106,354,84,45,173,50,109,14,299,145,387,32,275,91,18,64,455,3288
"",2011-09-25T04:00:00Z,22,,1,201,292,99,335,80,66,137,31,95,12,274,105,359,33,277,103,14,48,389,2973
"",2011-10-09T04:00:00Z,152,2,17,894,964,336,965,281,138,363,131,323,63,1088,302,1042,120,735,292,54,242,1359,9863
"",2011-10-16T04:00:00Z,46,,5,320,341,122,408,104,57,149,41,116,16,374,125,386,69,280,104,8,67,392,3530
"",2011-10-23T04:00:00Z,47,,6,313,367,127,390,84,43,128,43,121,17,382,106,393,72,279,98,9,65,469,3559
"",2011-10-30T04:00:00Z,73,,8,498,6234,287,1018,604,128,202,82,257,25,867,1373,966,158,505,349,15,115,702,14466
"",2011-11-06T04:00:00Z,42,,7,259,293,112,322,71,53,103,49,102,16,319,80,359,81,206,82,20,56,388,3020
"",2011-11-13T05:00:00Z,57,1,7,346,278,132,394,100,71,207,48,116,13,382,97,369,87,274,114,12,54,413,3572
"",2011-11-20T05:00:00Z,75,1,7,510,379,114,291,67,43,91,35,127,19,400,96,272,102,344,94,13,51,372,3503
"",2011-11-27T05:00:00Z,86,1,8,353,273,116,363,82,33,142,47,125,18,401,138,321,180,273,96,9,57,374,3496
"",2011-12-04T05:00:00Z,95,2,6,502,298,125,357,95,46,157,58,130,14,623,119,393,143,248,145,10,59,471,4096
"",2011-12-11T05:00:00Z,107,3,7,564,280,133,376,84,40,148,51,139,5,784,99,373,115,244,121,14,44,420,4151
"",2011-12-18T05:00:00Z,123,18,3,951,800,165,375,215,45,91,54,134,6,914,139,255,120,614,139,13,66,479,5719
"",2011-12-25T05:00:00Z,137,14,3,1378,2348,184,445,1998,32,71,38,464,4,1275,294,488,181,702,173,13,115,635,10992
"",2012-01-08T05:00:00Z,564,35,49,3235,1172,537,1509,463,157,498,238,546,60,2897,404,992,752,1160,416,72,223,1899,17878
"",2012-01-15T05:00:00Z,72,5,5,860,385,171,601,137,66,152,62,142,27,646,126,407,122,347,138,17,56,574,5118
"",2012-01-22T05:00:00Z,60,8,11,755,380,152,545,138,67,143,59,134,33,596,123,380,92,349,120,13,55,567,4780
"",2012-01-29T05:00:00Z,49,12,4,670,524,193,625,123,51,169,60,184,18,617,138,445,110,318,144,12,58,569,5093
"",2012-02-05T05:00:00Z,29,3,6,662,369,138,500,106,49,187,60,142,20,472,94,374,93,274,139,20,37,441,4215
"",2012-02-12T05:00:00Z,20,3,5,621,352,149,498,132,54,123,47,110,18,394,90,438,82,274,143,11,41,447,4052
"",2012-02-19T05:00:00Z,14,4,8,604,310,123,402,340,59,151,41,126,13,391,133,410,81,311,99,12,48,443,4123
"",2012-02-26T05:00:00Z,17,5,7,556,368,163,487,96,78,149,53,122,20,448,87,441,64,298,151,13,44,445,4112
"",2012-03-04T05:00:00Z,25,3,9,438,363,150,434,108,101,197,47,127,20,385,98,440,36,267,136,17,55,435,3891
"",2012-03-11T05:00:00Z,9,1,8,367,287,117,375,95,58,116,38,115,18,322,87,406,25,335,121,7,37,391,3335
"",2012-03-18T04:00:00Z,10,,1,245,248,119,361,93,62,145,49,88,28,286,75,393,26,272,129,9,19,374,3032
"",2012-03-25T04:00:00Z,7,,1,281,262,71,305,104,64,107,39,109,21,221,66,326,39,197,90,10,35,381,2736
"",2012-04-08T04:00:00Z,22,1,19,860,2632,336,1013,287,191,325,112,312,53,1002,261,923,101,606,316,43,104,1275,10794
"",2012-04-15T04:00:00Z,6,,1,268,294,124,389,835,47,183,45,181,12,301,141,395,32,345,113,15,36,418,4181
"",2012-04-22T04:00:00Z,5,,7,251,264,116,377,64,47,117,28,198,22,300,88,331,42,208,101,9,36,375,2986
"",2012-04-29T04:00:00Z,7,,2,357,315,142,421,81,71,163,41,192,15,332,104,407,30,234,128,11,49,405,3507
"",2012-05-06T04:00:00Z,8,1,3,308,319,92,371,70,62,106,35,169,20,327,85,371,28,246,95,13,43,356,3128
"",2012-05-13T04:00:00Z,12,2,6,273,242,104,387,75,75,156,49,153,17,319,122,392,30,318,122,11,36,369,3270
"",2012-05-20T04:00:00Z,9,,5,241,628,154,352,69,65,105,32,153,11,327,112,409,39,391,131,12,33,368,3646
"",2012-05-27T04:00:00Z,9,,7,202,281,107,324,56,60,101,30,127,16,249,90,343,31,258,96,10,20,337,2754
"",2012-06-03T04:00:00Z,15,,4,244,468,158,394,71,69,166,42,165,30,319,145,452,33,304,132,9,33,428,3681
"",2012-06-10T04:00:00Z,12,,3,219,271,117,380,133,68,130,36,129,14,304,187,386,30,291,127,8,44,334,3223
"",2012-06-17T04:00:00Z,11,1,3,217,321,96,299,678,73,120,32,104,21,289,529,403,25,376,118,4,70,356,4146
"",2012-06-24T04:00:00Z,17,,6,181,177,107,319,718,62,102,26,138,13,257,474,397,29,322,126,9,134,307,3921
"",2012-07-08T04:00:00Z,44,2,2,766,1786,361,1015,883,128,384,84,509,57,1324,1026,1503,160,886,431,49,234,1364,12998
"",2012-07-15T04:00:00Z,21,3,7,235,350,129,340,112,52,129,32,109,20,353,190,401,41,297,124,10,50,389,3394
"",2012-07-22T04:00:00Z,14,,4,224,412,129,354,160,52,122,33,132,16,355,170,338,33,301,119,15,40,365,3388
"",2012-07-29T04:00:00Z,22,,,254,413,120,361,243,46,135,52,151,18,326,207,429,50,294,113,14,64,360,3672
"",2012-08-05T04:00:00Z,23,3,7,224,362,118,354,282,53,139,53,124,19,336,169,408,46,294,115,12,39,362,3542
"",2012-08-12T04:00:00Z,14,,5,241,339,111,355,284,40,119,43,107,13,316,165,417,45,250,116,9,37,318,3344
"",2012-08-19T04:00:00Z,17,,1,247,277,101,308,130,74,111,40,111,15,299,196,390,41,249,98,11,33,318,3067
"",2012-08-26T04:00:00Z,25,,6,261,338,96,296,63,25,81,35,126,23,299,170,398,37,217,131,12,37,375,3051
"",2012-09-02T04:00:00Z,23,,4,287,438,115,279,56,37,162,36,128,28,338,158,343,38,207,112,4,35,342,3170
"",2012-09-09T04:00:00Z,36,1,4,212,344,119,356,65,53,108,37,116,25,346,140,390,36,230,98,5,34,322,3077
"",2012-09-16T04:00:00Z,19,,6,210,313,104,299,76,48,118,36,112,23,291,112,342,38,218,97,15,34,352,2863
"",2012-09-23T04:00:00Z,17,5,4,178,249,87,271,70,38,119,25,79,36,252,94,351,29,209,90,12,30,315,2560
"",2012-09-30T04:00:00Z,11,,2,169,251,97,235,67,32,103,26,89,25,188,78,250,27,302,83,6,37,268,2346
"",2012-10-07T04:00:00Z,94,,13,601,579,232,658,184,68,254,85,223,51,812,216,671,83,491,190,30,82,909,6526
"",2012-10-14T04:00:00Z,28,,5,249,364,117,335,83,34,121,30,117,26,365,101,416,63,254,97,15,49,398,3267
"",2012-10-21T04:00:00Z,32,1,5,273,283,105,385,66,40,104,43,100,17,366,98,343,63,289,112,18,43,390,3176
"",2012-10-28T04:00:00Z,63,2,5,619,2313,187,600,298,51,106,66,168,20,602,359,840,179,471,208,18,58,498,7731
"",2012-11-04T04:00:00Z,25,,4,244,325,137,315,54,42,127,48,115,17,426,99,310,114,283,110,7,45,362,3209
"",2012-11-11T05:00:00Z,45,,7,305,300,115,343,87,38,146,53,100,16,373,94,360,89,246,119,11,52,331,3230
"",2012-11-18T05:00:00Z,50,1,2,469,359,221,255,98,46,127,33,98,11,418,115,260,94,307,107,11,40,377,3499
"",2012-11-25T05:00:00Z,68,1,3,329,275,112,371,80,25,140,40,105,17,403,97,280,163,269,107,9,45,348,3287
"",2012-12-02T05:00:00Z,74,3,10,405,286,149,381,86,51,187,41,110,19,614,129,373,149,283,109,15,56,402,3932
"",2012-12-09T05:00:00Z,89,2,3,520,263,135,425,101,39,148,54,120,11,769,114,366,129,299,135,25,49,370,4166
"",2012-12-16T05:00:00Z,106,17,5,828,503,123,346,115,31,146,47,135,10,947,129,290,134,560,143,14,48,425,5102
"",2012-12-23T05:00:00Z,125,26,1,1744,2615,202,484,2156,42,70,41,529,17,1413,381,428,189,854,194,15,101,506,12133
"",2012-12-30T05:00:00Z,32,5,1,309,303,109,320,113,44,175,40,109,16,335,129,253,72,249,93,9,43,336,3095
"",2013-01-06T05:00:00Z,364,18,13,2693,826,394,1221,396,119,288,191,388,34,2572,301,721,630,953,338,62,180,1540,14242
"",2013-01-13T05:00:00Z,53,6,8,837,423,167,520,138,51,142,57,144,17,689,130,405,120,311,145,27,46,598,5034
"",2013-01-20T05:00:00Z,37,6,4,813,473,139,485,114,35,131,56,172,19,603,114,393,89,320,144,24,42,502,4715
"",2013-01-27T05:00:00Z,33,14,3,691,474,138,498,101,49,150,64,142,20,509,110,432,97,285,146,14,49,469,4488
"",2013-02-03T05:00:00Z,26,5,7,603,455,138,466,117,47,151,57,156,24,484,178,412,98,271,126,14,50,432,4317
"",2013-02-10T05:00:00Z,16,1,,705,313,118,360,166,38,127,34,127,14,452,289,346,85,238,126,11,44,368,3978
"",2013-02-17T05:00:00Z,13,6,5,538,291,131,373,284,58,114,46,130,16,438,111,368,100,305,100,16,42,468,3953
"",2013-02-24T05:00:00Z,10,4,6,472,294,119,390,97,51,104,51,130,27,382,93,389,57,258,114,17,41,430,3536
"",2013-03-03T05:00:00Z,9,2,11,352,436,144,396,114,88,155,35,158,26,447,89,447,40,254,115,13,52,444,3827
"",2013-03-10T05:00:00Z,6,,4,285,293,117,337,81,41,96,32,105,15,287,86,375,44,294,98,9,38,345,2988
"",2013-03-17T04:00:00Z,6,,1,248,307,130,308,93,53,138,36,92,24,281,72,390,26,250,109,10,35,342,2951
"",2013-03-24T04:00:00Z,11,,7,229,188,97,286,64,34,116,25,96,10,208,69,286,32,225,71,6,25,274,2359
"",2013-03-31T04:00:00Z,1,1,2,158,276,110,265,78,49,131,50,126,18,194,65,263,26,158,70,12,30,249,2332
"",2013-04-07T04:00:00Z,16,2,7,635,517,211,720,204,101,220,95,234,34,726,191,727,87,546,209,39,53,1074,6648
"",2013-04-14T04:00:00Z,8,1,2,233,298,103,383,755,52,147,30,180,12,303,129,403,30,364,95,7,44,430,4009
"",2013-04-21T04:00:00Z,6,,13,234,281,89,366,85,55,125,31,201,17,259,79,368,33,183,94,8,32,328,2887
"",2013-04-28T04:00:00Z,7,,13,241,315,109,396,84,63,146,42,181,21,327,91,397,21,226,138,15,33,369,3235
"",2013-05-05T04:00:00Z,6,3,1,251,258,123,373,104,69,106,25,155,12,323,97,373,30,234,162,12,47,350,3114
"",2013-05-12T04:00:00Z,10,1,8,279,299,111,334,110,55,122,33,117,12,278,106,400,28,272,93,8,50,335,3061
"",2013-05-19T04:00:00Z,7,,2,253,285,89,359,69,43,100,26,150,15,307,103,381,27,432,121,8,34,331,3142
"",2013-05-26T04:00:00Z,1,,6,205,225,73,290,79,42,75,19,110,13,221,71,313,16,265,86,8,18,285,2421
"",2013-06-02T04:00:00Z,10,,6,205,411,128,349,83,49,154,36,172,30,324,128,428,37,292,123,9,35,340,3349
"",2013-06-09T04:00:00Z,12,,4,207,291,112,373,107,48,118,33,129,13,291,140,368,31,292,117,6,46,321,3059
"",2013-06-16T04:00:00Z,11,,2,167,287,123,336,287,57,98,31,116,17,253,261,366,28,317,106,8,42,317,3230
"",2013-06-23T04:00:00Z,14,,6,171,319,99,285,1142,57,102,25,127,10,241,621,440,28,381,108,7,135,315,4633
"",2013-06-30T04:00:00Z,5,,,190,1454,115,211,288,46,106,26,145,21,362,284,325,39,221,105,10,58,262,4273
"",2013-07-07T04:00:00Z,36,,3,520,959,242,664,882,78,222,56,339,26,861,685,828,128,681,285,35,181,1069,8780
"",2013-07-14T04:00:00Z,16,1,7,201,355,119,327,137,79,130,34,146,10,323,183,411,41,248,137,12,49,430,3396
"",2013-07-21T04:00:00Z,9,1,1,192,316,102,336,172,52,100,31,118,7,318,147,381,27,308,102,13,46,354,3133
"",2013-07-28T04:00:00Z,18,1,3,200,318,101,343,234,57,121,37,127,13,293,152,373,43,271,94,12,41,347,3199
"",2013-08-04T04:00:00Z,17,,4,223,353,123,348,308,64,136,38,132,16,321,172,386,24,245,107,9,57,337,3420
"",2013-08-11T04:00:00Z,16,1,3,217,351,102,318,328,51,99,23,111,10,292,136,392,39,215,110,8,35,310,3167
"",2013-08-18T04:00:00Z,11,1,3,209,393,103,340,150,43,103,46,95,21,257,150,335,37,230,91,7,42,300,2967
"",2013-08-25T04:00:00Z,16,,1,222,354,90,307,67,51,66,41,88,16,244,163,352,30,199,94,9,41,278,2729
"",2013-09-01T04:00:00Z,19,,2,245,347,116,252,70,89,164,20,110,27,289,145,365,22,201,92,9,34,254,2872
"",2013-09-08T04:00:00Z,27,,2,224,351,99,269,75,31,99,34,78,14,291,88,360,23,200,92,6,37,310,2710
"",2013-09-15T04:00:00Z,25,1,2,234,301,95,262,52,28,97,36,106,15,249,111,331,34,206,105,14,34,316,2654
"",2013-09-22T04:00:00Z,27,,2,186,273,84,275,59,39,105,37,83,16,237,102,325,32,215,88,11,26,276,2498
"",2013-09-29T04:00:00Z,19,1,4,167,378,109,284,207,54,146,37,136,39,268,96,511,146,214,86,8,663,538,4111
"",2013-10-06T04:00:00Z,82,,4,553,402,166,537,135,50,166,64,168,28,689,166,620,65,380,173,38,89,847,5422
"",2013-10-13T04:00:00Z,27,2,2,185,296,123,252,101,46,87,27,96,25,283,85,351,61,189,82,13,39,352,2724
"",2013-10-20T04:00:00Z,27,,2,278,277,79,308,79,67,104,47,97,25,342,90,365,42,233,110,14,55,357,2998
"",2013-10-27T04:00:00Z,36,1,5,308,465,115,324,123,87,98,49,98,17,395,106,353,85,232,102,13,33,367,3412
"",2013-11-03T04:00:00Z,33,,5,289,340,117,346,111,60,201,58,143,14,432,106,386,108,249,104,10,51,339,3502
"",2013-11-10T05:00:00Z,29,1,7,322,280,83,329,83,59,118,25,97,20,326,91,355,86,238,102,8,44,302,3005
"",2013-11-17T05:00:00Z,39,2,3,390,267,144,329,71,39,123,36,106,9,426,98,360,93,237,91,9,45,342,3259
"",2013-11-24T05:00:00Z,48,,4,583,543,111,297,115,31,88,41,124,8,510,89,278,170,310,87,8,44,476,3965
"",2013-12-01T05:00:00Z,56,1,8,388,333,178,342,85,45,141,48,120,23,536,111,345,154,228,112,11,62,828,4155
"",2013-12-08T05:00:00Z,70,1,5,631,264,101,362,72,37,105,44,85,13,769,93,304,112,241,105,13,55,353,3835
"",2013-12-15T05:00:00Z,95,11,5,815,380,119,346,89,31,108,41,106,24,844,136,269,119,480,109,8,57,277,4469
"",2013-12-22T05:00:00Z,114,25,6,1905,2811,189,432,2270,39,71,65,318,16,1311,336,448,190,994,183,7,100,384,12214
"",2013-12-29T05:00:00Z,23,1,5,457,571,105,260,82,47,168,39,108,13,348,75,199,70,180,61,6,32,267,3117
"",2014-01-05T05:00:00Z,312,21,12,2480,485,292,941,286,64,198,159,270,35,2189,216,492,570,688,221,21,128,668,10748
"",2014-01-12T05:00:00Z,73,4,6,668,270,154,477,137,58,96,57,125,14,635,89,354,138,316,119,10,42,362,4204
"",2014-01-19T05:00:00Z,29,9,1,763,290,120,393,120,34,83,27,113,18,501,82,271,86,238,97,10,50,311,3646
"",2014-01-26T05:00:00Z,39,15,3,646,235,98,439,80,50,89,32,95,16,422,76,311,85,231,102,8,50,337,3459
"",2014-02-02T05:00:00Z,23,5,10,600,297,122,427,87,63,79,45,141,28,385,94,293,88,233,97,12,35,312,3476
"",2014-02-09T05:00:00Z,15,8,,549,250,71,277,94,33,86,26,94,24,321,83,209,69,172,80,5,25,209,2700
"",2014-02-16T05:00:00Z,15,3,2,451,202,100,304,168,62,80,34,98,27,335,85,289,61,217,80,14,26,232,2885
"",2014-02-23T05:00:00Z,9,2,3,405,233,107,322,75,29,79,31,92,13,315,83,275,50,191,81,10,27,211,2643
"",2014-03-02T05:00:00Z,10,2,4,380,569,123,303,67,44,94,27,127,23,430,69,286,34,225,101,7,45,261,3231
"",2014-03-09T05:00:00Z,9,2,3,230,248,83,292,53,38,84,29,96,17,242,75,278,20,333,84,1,23,216,2456
"",2014-03-16T04:00:00Z,10,,4,220,218,60,279,48,50,87,24,95,20,219,61,237,21,214,71,9,24,211,2182
"",2014-03-23T04:00:00Z,3,,,149,262,79,286,45,31,59,24,62,10,257,60,252,20,153,64,11,28,205,2060
"",2014-03-30T04:00:00Z,5,,2,134,292,98,195,56,33,118,23,132,17,207,56,263,18,146,57,4,27,204,2087
"",2014-04-06T04:00:00Z,7,,6,343,279,125,525,102,60,133,37,167,38,576,109,454,51,351,141,18,44,312,3878
"",2014-04-13T04:00:00Z,4,2,,169,169,71,277,781,58,88,26,99,12,221,102,288,23,280,69,12,34,237,3022
"",2014-04-20T04:00:00Z,5,,3,131,191,70,288,145,33,85,19,170,19,190,68,284,20,162,66,5,27,225,2206
"",2014-04-27T04:00:00Z,5,,4,160,353,86,291,49,51,84,17,135,24,262,66,282,21,175,99,11,24,233,2432
"",2014-05-04T04:00:00Z,2,1,5,162,247,100,327,61,54,80,23,137,19,241,91,298,22,156,79,11,33,220,2369
"",2014-05-11T04:00:00Z,5,1,4,151,197,80,274,56,122,68,26,121,8,203,84,300,28,271,95,4,37,219,2354
"",2014-05-18T04:00:00Z,6,,3,152,197,74,248,43,47,65,15,147,25,249,83,295,35,416,57,8,24,262,2451
"",2014-05-25T04:00:00Z,4,,3,115,238,49,233,91,45,52,12,71,14,168,60,292,21,242,62,3,22,189,1986
"",2014-06-01T04:00:00Z,11,,2,160,324,96,286,56,55,100,41,126,57,268,112,295,36,268,83,8,31,267,2682
"",2014-06-08T04:00:00Z,15,,4,139,193,68,282,83,44,76,18,80,20,215,117,288,29,236,72,3,28,213,2223
"",2014-06-15T04:00:00Z,12,1,6,118,205,82,254,201,49,79,29,75,22,207,284,352,17,258,83,14,56,250,2654
"",2014-06-22T04:00:00Z,9,,3,118,169,63,241,1172,39,59,20,82,13,242,451,367,31,373,67,14,113,237,3883
"",2014-06-29T04:00:00Z,12,1,2,158,488,82,208,288,35,71,24,106,32,302,324,423,34,225,107,9,60,256,3247
"",2014-07-06T04:00:00Z,22,1,,289,550,148,552,796,64,121,42,273,25,594,489,556,88,573,164,18,145,429,5939
"",2014-07-13T04:00:00Z,13,1,6,154,278,80,313,149,56,71,37,105,14,274,127,345,44,208,82,6,31,245,2639
"",2014-07-20T04:00:00Z,13,1,,175,242,66,295,169,47,76,27,118,15,236,148,275,23,234,64,8,36,231,2499
"",2014-07-27T04:00:00Z,16,,4,181,299,97,335,225,39,71,47,83,10,251,120,303,34,224,88,7,38,250,2722
"",2014-08-03T04:00:00Z,10,,4,153,271,93,293,292,50,99,32,134,25,325,160,329,30,245,118,5,36,263,2967
"",2014-08-10T04:00:00Z,10,1,,163,225,86,266,333,27,75,26,92,17,238,164,284,32,186,86,7,26,248,2592
"",2014-08-17T04:00:00Z,7,1,1,152,204,58,209,158,34,63,28,84,13,220,114,288,28,178,96,6,38,229,2209
"",2014-08-24T04:00:00Z,10,,2,175,224,66,219,47,24,56,26,60,18,204,113,266,28,160,76,6,27,201,2008
"",2014-08-31T04:00:00Z,6,,2,181,315,94,218,51,48,55,26,85,12,229,137,253,22,163,74,5,23,213,2212
"",2014-09-07T04:00:00Z,16,,2,198,218,65,248,39,32,79,22,70,22,233,91,293,31,156,91,7,19,212,2144
"",2014-09-14T04:00:00Z,28,1,1,165,238,71,223,58,33,77,27,85,10,201,84,256,31,152,84,7,31,192,2055
"",2014-09-21T04:00:00Z,10,,1,128,306,52,200,49,37,58,26,54,9,192,53,262,18,153,82,7,14,210,1921
"",2014-09-28T04:00:00Z,13,,3,145,292,64,181,54,45,98,21,86,9,158,79,249,23,156,65,10,24,201,1976
"",2014-10-05T04:00:00Z,52,,,338,296,105,433,81,58,102,38,128,19,527,142,451,40,298,150,7,47,348,3660
"",2014-10-12T04:00:00Z,18,,2,216,204,73,237,54,31,65,14,73,11,248,63,232,40,183,81,6,29,222,2102
"",2014-10-19T04:00:00Z,23,,3,220,237,86,245,70,32,80,29,69,12,308,66,308,46,171,72,12,39,239,2367
"",2014-10-26T04:00:00Z,23,1,1,208,275,84,265,67,50,54,29,89,8,293,68,273,40,178,64,9,31,220,2330
"",2014-11-02T04:00:00Z,31,,2,290,305,126,293,92,28,83,45,91,21,329,78,295,109,245,95,9,48,315,2930
"",2014-11-09T05:00:00Z,20,2,1,319,251,67,286,60,45,71,25,66,11,291,68,265,78,189,79,12,38,279,2523
"",2014-11-16T05:00:00Z,33,2,2,413,244,82,285,94,29,67,26,95,11,323,83,269,109,214,119,8,48,287,2843
"",2014-11-23T05:00:00Z,46,1,3,536,404,74,228,128,42,61,32,81,5,387,85,192,121,320,74,10,28,242,3100
"",2014-11-30T05:00:00Z,48,1,15,309,305,87,249,60,28,85,29,91,13,429,76,256,148,176,82,7,64,296,2854
"",2014-12-07T05:00:00Z,64,,2,552,227,96,254,72,23,99,39,79,16,579,63,210,94,176,76,9,30,285,3045
"",2014-12-14T05:00:00Z,70,2,,584,358,92,311,84,30,56,40,88,6,628,98,232,114,382,104,7,42,256,3584
"",2014-12-21T05:00:00Z,82,23,2,1818,2261,120,406,2078,30,50,57,160,14,1157,276,357,182,944,182,10,105,375,10689
"",2014-12-28T05:00:00Z,28,4,1,509,1180,96,254,196,18,33,35,167,7,401,75,208,56,234,55,3,30,219,3809
"",2015-01-04T05:00:00Z,262,13,3,2458,506,265,790,248,51,163,131,237,42,2112,218,404,564,544,224,15,115,586,9951
"",2015-01-11T05:00:00Z,58,6,6,773,289,154,439,135,37,72,47,109,12,592,84,329,136,246,93,16,30,324,3987
"",2015-01-18T05:00:00Z,36,6,5,687,269,124,426,115,39,68,43,113,15,515,70,287,97,240,113,13,50,281,3612
"",2015-01-25T05:00:00Z,31,15,3,989,303,81,353,120,25,88,28,98,39,458,85,232,75,199,91,8,34,271,3626
"",2015-02-01T05:00:00Z,13,9,4,758,226,107,381,68,42,80,41,128,28,398,82,230,91,212,95,11,27,270,3301
"",2015-02-08T05:00:00Z,19,9,2,670,244,96,281,73,34,76,20,98,21,311,58,218,73,184,80,9,19,206,2801
"",2015-02-15T05:00:00Z,21,14,5,630,208,101,296,140,46,70,30,138,39,348,63,251,57,203,82,10,24,238,3014
"",2015-02-22T05:00:00Z,6,5,1,432,244,100,316,99,37,60,32,95,25,297,55,214,64,176,74,8,21,211,2572
"",2015-03-01T05:00:00Z,12,2,2,397,305,111,307,57,44,82,27,151,19,286,65,273,35,227,87,9,26,247,2771
"",2015-03-08T05:00:00Z,5,3,2,227,246,82,284,64,27,57,27,96,14,237,75,249,32,240,87,7,21,215,2297
"",2015-03-15T04:00:00Z,5,1,5,206,168,91,214,71,20,70,25,86,18,217,55,241,16,204,54,12,17,204,2000
"",2015-03-22T04:00:00Z,1,,2,160,177,69,225,55,22,52,22,61,15,173,53,253,17,112,48,7,13,201,1738
"",2015-03-29T04:00:00Z,8,,5,117,196,66,166,54,22,75,18,92,21,173,50,215,14,133,47,3,20,155,1650
"",2015-04-05T04:00:00Z,5,1,11,270,568,127,453,109,63,114,44,132,23,472,88,390,48,274,126,16,29,277,3640
"",2015-04-12T04:00:00Z,2,,1,178,223,69,254,687,33,68,21,106,21,206,132,309,29,259,89,4,39,212,2942
"",2015-04-19T04:00:00Z,4,,3,135,228,70,256,109,31,61,18,168,6,207,64,265,27,139,68,6,17,212,2094
"",2015-04-26T04:00:00Z,8,,3,129,209,70,273,53,30,58,20,144,16,213,61,244,20,130,61,5,20,207,1974
"",2015-05-03T04:00:00Z,2,,4,167,356,78,275,54,37,73,28,153,20,227,80,302,28,145,85,6,31,192,2343
"",2015-05-10T04:00:00Z,4,,,113,195,65,244,57,50,78,15,133,15,215,60,236,29,251,78,9,26,198,2071
"",2015-05-17T04:00:00Z,5,,2,137,207,68,275,46,25,80,20,123,10,207,93,276,25,405,70,6,35,219,2334
"",2015-05-24T04:00:00Z,6,,1,115,167,52,220,34,51,45,22,79,9,162,62,208,15,210,55,9,20,191,1733
"",2015-05-31T04:00:00Z,10,,3,121,252,83,254,51,33,71,27,126,23,243,114,313,26,195,82,8,24,264,2323
"",2015-06-07T04:00:00Z,11,1,4,141,206,73,248,71,37,65,15,87,10,173,85,234,23,199,72,1,34,219,2009
"",2015-06-14T04:00:00Z,10,1,5,126,213,54,238,156,24,60,21,59,11,200,215,267,25,221,62,8,40,212,2228
"",2015-06-21T04:00:00Z,9,,3,135,197,65,244,1355,38,66,31,81,13,252,460,407,20,336,93,8,122,228,4163
"",2015-06-28T04:00:00Z,4,,7,150,334,77,189,298,27,45,17,71,12,302,264,328,26,178,74,1,55,197,2656
"",2015-07-05T04:00:00Z,22,,2,248,736,144,467,780,46,110,48,234,35,493,467,535,72,495,161,11,151,391,5648
"",2015-07-12T04:00:00Z,11,,4,167,255,73,260,152,38,72,18,102,19,254,119,315,23,198,98,10,42,213,2443
"",2015-07-19T04:00:00Z,11,1,6,147,265,82,230,156,39,60,27,112,17,208,120,261,19,209,75,11,22,255,2333
"",2015-07-26T04:00:00Z,8,,3,158,276,72,232,206,32,49,29,82,11,197,124,291,33,231,71,10,34,205,2354
"",2015-08-02T04:00:00Z,10,,5,151,320,92,211,316,34,89,36,130,17,257,134,294,23,205,83,7,44,234,2692
"",2015-08-09T04:00:00Z,8,,1,160,207,68,237,372,24,50,22,84,15,210,117,253,24,162,67,9,33,200,2323
"",2015-08-16T04:00:00Z,6,2,,162,240,70,228,210,23,59,23,93,13,197,107,297,27,163,103,4,35,217,2279
"",2015-08-23T04:00:00Z,13,,,148,232,74,201,77,23,51,21,72,13,199,106,268,23,163,71,8,27,209,1999
"",2015-08-30T04:00:00Z,9,,4,169,327,71,221,73,34,60,21,108,13,229,110,303,18,169,88,7,29,219,2282
"",2015-09-06T04:00:00Z,16,,3,182,237,48,184,42,30,56,22,75,8,176,71,239,25,131,80,3,18,174,1820
"",2015-09-13T04:00:00Z,20,,1,151,268,82,201,68,24,44,22,72,11,163,61,277,23,137,64,5,21,169,1884
"",2015-09-20T04:00:00Z,8,,1,156,219,56,174,50,17,56,21,58,9,193,58,233,14,130,59,6,21,191,1730
"",2015-09-27T04:00:00Z,20,1,2,136,270,68,196,60,62,56,23,67,14,148,55,237,17,120,56,7,26,168,1809
"",2015-10-04T04:00:00Z,43,2,3,299,418,113,366,72,71,103,44,133,21,425,112,428,48,259,138,10,48,304,3460
"",2015-10-11T04:00:00Z,21,,1,183,364,67,193,42,61,46,29,60,8,206,59,236,15,155,64,6,29,199,2044
"",2015-10-18T04:00:00Z,18,,1,184,228,90,229,50,36,54,32,79,8,241,57,251,48,153,77,7,47,191,2081
"",2015-10-25T04:00:00Z,28,,4,239,189,62,244,50,49,41,18,68,11,258,46,257,45,174,59,7,33,204,2086
"",2015-11-01T04:00:00Z,28,1,2,221,352,98,251,83,51,77,26,103,12,323,59,280,85,159,75,6,44,257,2593
"",2015-11-08T05:00:00Z,16,1,3,237,250,63,181,45,27,57,22,58,9,258,54,237,70,131,76,8,36,187,2026
"",2015-11-15T05:00:00Z,35,3,3,309,240,92,257,51,29,63,35,78,9,302,66,240,74,166,92,6,36,257,2443
"",2015-11-22T05:00:00Z,31,,1,439,294,85,184,74,16,64,29,74,3,318,95,182,91,230,51,7,28,217,2513
"",2015-11-29T05:00:00Z,45,3,1,335,214,81,243,54,33,57,28,64,8,407,71,250,139,166,82,4,42,244,2571
"",2015-12-06T05:00:00Z,58,1,3,428,183,74,278,64,24,74,25,82,16,518,86,237,100,203,79,3,33,237,2806
"",2015-12-13T05:00:00Z,44,2,2,570,239,91,274,70,28,92,35,81,14,594,73,232,96,203,95,12,46,248,3141
"",2015-12-20T05:00:00Z,61,20,2,1321,1033,85,262,1312,22,58,37,89,8,774,185,195,145,710,126,8,55,270,6778
"",2015-12-27T05:00:00Z,49,3,,716,1521,67,227,608,17,32,22,137,8,531,133,205,61,366,85,5,32,193,5018
"",2016-01-03T05:00:00Z,234,12,3,2169,464,229,699,255,89,164,118,221,24,1964,177,329,518,462,171,10,115,470,8897
"",2016-01-10T05:00:00Z,51,6,5,764,226,116,285,99,38,88,48,131,11,536,62,218,137,174,67,6,34,260,3362
"",2016-01-17T05:00:00Z,33,4,3,699,218,99,266,101,27,80,40,114,7,475,51,224,85,194,82,7,30,225,3064
"",2016-01-24T05:00:00Z,23,8,12,786,249,95,290,100,47,66,48,102,17,387,68,240,69,184,80,13,36,278,3198
"",2016-01-31T05:00:00Z,27,13,5,694,274,117,342,72,35,88,41,111,12,392,79,270,86,184,94,11,50,242,3239
"",2016-02-07T05:00:00Z,9,6,1,775,166,91,303,71,28,63,22,77,16,336,84,220,62,164,77,7,19,227,2824
"",2016-02-14T05:00:00Z,15,10,2,599,245,89,258,141,27,72,27,117,13,304,64,228,59,178,65,8,25,221,2767
"",2016-02-21T05:00:00Z,5,4,1,442,223,102,288,80,38,83,32,93,15,280,59,259,55,149,63,8,27,198,2504
"",2016-02-28T05:00:00Z,6,2,4,345,259,92,253,72,29,90,33,95,14,283,78,264,38,170,90,9,16,236,2478
"",2016-03-06T05:00:00Z,6,1,,241,295,75,232,57,31,55,24,110,19,225,71,256,22,167,74,7,11,192,2171
"",2016-03-13T05:00:00Z,,,2,243,282,63,201,68,21,64,23,79,10,194,60,218,12,200,52,3,20,190,2005
"",2016-03-20T04:00:00Z,3,,1,195,203,59,201,48,30,58,20,73,13,150,43,196,16,115,50,7,20,166,1667
"",2016-03-27T04:00:00Z,4,,7,152,201,57,187,40,22,90,17,88,10,132,42,182,4,91,56,7,12,159,1560
"",2016-04-03T04:00:00Z,4,,8,301,398,154,455,147,49,131,41,143,17,471,105,410,36,261,93,11,30,298,3563
"",2016-04-10T04:00:00Z,6,,2,169,190,91,251,489,39,64,30,87,9,197,68,240,27,211,92,9,42,188,2501
"",2016-04-17T04:00:00Z,2,,3,188,236,62,230,400,37,55,30,123,13,169,88,256,22,188,78,6,38,220,2444
"",2016-04-24T04:00:00Z,3,,2,160,178,63,259,52,18,60,17,150,11,191,51,266,17,116,52,4,19,175,1864
"",2016-05-01T04:00:00Z,2,,1,193,241,55,260,85,42,100,25,161,22,220,82,322,28,168,63,11,51,232,2364
"",2016-05-08T04:00:00Z,2,,4,171,222,77,252,61,27,80,25,125,13,212,69,257,26,226,60,3,37,223,2172
"",2016-05-15T04:00:00Z,5,,,152,224,69,216,60,39,79,24,91,9,229,72,289,30,444,57,5,53,257,2404
"",2016-05-22T04:00:00Z,7,,4,144,201,83,236,54,46,65,25,112,9,172,67,241,22,228,62,6,31,225,2040
"",2016-05-29T04:00:00Z,8,1,3,138,235,67,199,42,26,70,17,108,12,201,69,252,21,167,63,7,45,225,1976
"",2016-06-05T04:00:00Z,9,,2,137,185,130,227,63,34,68,11,97,10,180,98,286,18,183,74,8,41,214,2075
"",2016-06-12T04:00:00Z,4,,1,153,177,93,239,352,31,60,24,75,18,197,307,284,21,276,62,8,57,225,2664
"",2016-06-19T04:00:00Z,8,,3,155,208,72,282,1343,42,91,66,92,8,284,454,430,29,406,92,8,172,251,4496
"",2016-06-26T04:00:00Z,4,,1,166,237,82,217,306,32,90,27,93,13,201,279,364,38,198,74,4,158,233,2817
"",2016-07-03T04:00:00Z,16,,13,247,535,152,413,790,52,94,41,199,27,556,455,580,70,488,138,15,170,386,5437
"",2016-07-10T04:00:00Z,7,1,2,143,249,94,283,139,34,84,28,106,16,245,143,326,28,235,78,10,37,226,2514
"",2016-07-17T04:00:00Z,6,1,3,160,286,92,277,141,44,77,23,110,16,217,123,291,28,232,84,7,32,238,2488
"",2016-07-24T04:00:00Z,9,1,3,156,276,98,245,188,19,70,24,79,10,169,124,271,20,205,56,6,29,202,2260
"",2016-07-31T04:00:00Z,11,1,1,159,284,89,292,306,40,106,28,108,21,256,140,315,35,206,77,5,36,274,2790
"",2016-08-07T04:00:00Z,7,,1,166,338,74,260,382,26,68,16,99,25,226,138,249,36,170,74,11,25,223,2614
"",2016-08-14T04:00:00Z,5,,2,169,198,66,194,240,22,73,23,88,10,156,98,303,24,168,65,8,36,207,2155
"",2016-08-21T04:00:00Z,7,,2,175,175,50,225,91,21,55,22,73,15,169,101,241,20,177,61,6,33,193,1912
"",2016-08-28T04:00:00Z,6,,2,182,209,61,202,60,26,69,30,91,13,170,110,271,15,143,58,9,21,241,1989
"",2016-09-04T04:00:00Z,7,1,7,162,293,85,175,54,30,78,22,85,18,163,99,241,23,144,49,9,15,185,1945
"",2016-09-11T04:00:00Z,14,,1,132,180,79,205,55,29,82,17,85,9,160,63,249,17,128,53,4,14,185,1761
"",2016-09-18T04:00:00Z,10,,2,187,231,76,199,49,25,68,23,74,17,168,61,251,20,122,54,7,17,204,1865
"",2016-09-25T04:00:00Z,11,,1,134,181,51,193,45,24,51,23,57,13,134,62,217,16,126,54,6,17,198,1614
"",2016-10-02T04:00:00Z,28,,4,309,277,102,327,70,48,112,40,135,31,390,94,336,35,209,109,10,45,313,3024
"",2016-10-09T04:00:00Z,16,,4,170,176,58,200,52,40,66,15,71,17,189,61,261,32,159,71,8,15,202,1883
"",2016-10-16T04:00:00Z,8,1,3,170,217,67,225,60,36,80,18,102,9,208,42,223,32,151,68,7,60,200,1987
"",2016-10-23T04:00:00Z,20,,1,244,247,85,226,52,27,70,14,77,19,249,54,228,46,172,83,11,26,221,2172
"",2016-10-30T04:00:00Z,15,,1,257,239,80,232,64,270,86,30,83,25,279,76,233,89,135,80,12,39,283,2608
"",2016-11-06T04:00:00Z,11,,1,219,209,87,221,49,84,64,23,91,18,261,55,241,72,135,73,8,25,204,2151
"",2016-11-13T05:00:00Z,35,,3,337,193,84,267,64,42,90,29,82,20,256,77,245,74,164,83,10,33,219,2407
"",2016-11-20T05:00:00Z,28,,1,415,326,67,172,58,30,64,31,91,7,313,79,182,91,227,72,5,24,187,2470
"",2016-11-27T05:00:00Z,32,,1,326,176,63,217,70,47,77,35,88,8,303,77,217,121,161,58,3,26,209,2315
"",2016-12-04T05:00:00Z,50,3,,417,224,83,251,68,53,105,26,96,16,428,70,270,100,176,70,9,40,247,2802
"",2016-12-11T05:00:00Z,50,1,1,680,240,79,262,60,21,67,41,89,21,577,69,209,101,179,63,5,38,271,3124
"",2016-12-18T05:00:00Z,66,6,,955,460,75,244,178,60,75,34,91,12,731,90,198,113,463,98,9,43,243,4244
"",2016-12-25T05:00:00Z,51,20,,1167,1538,113,357,1705,36,72,38,125,9,843,187,332,112,658,154,13,52,375,7957
"",2017-01-08T05:00:00Z,245,18,3,2862,709,344,1083,383,104,255,180,364,107,2543,224,649,607,761,278,32,146,777,12674
"",2017-01-15T05:00:00Z,22,2,1,665,206,99,321,114,30,73,39,127,25,455,58,216,94,208,81,17,34,208,3095
"",2017-01-22T05:00:00Z,22,7,5,665,220,93,307,82,27,67,41,118,22,362,67,247,81,159,92,8,28,243,2963
"",2017-01-29T05:00:00Z,14,15,3,620,204,95,347,62,28,88,24,126,22,308,74,256,74,187,74,13,36,250,2920
"",2017-02-05T05:00:00Z,12,6,3,716,269,115,259,89,37,65,21,159,10,332,67,293,75,156,112,5,14,226,3041
"",2017-02-12T05:00:00Z,14,6,,567,236,82,249,87,24,77,34,105,12,264,47,244,59,150,68,7,25,192,2549
"",2017-02-19T05:00:00Z,6,3,5,417,192,78,259,107,30,51,33,73,8,210,71,209,50,163,61,7,26,185,2244
"",2017-02-26T05:00:00Z,5,1,9,346,233,91,270,53,36,72,23,98,23,241,76,241,37,163,66,6,12,204,2306
"",2017-03-05T05:00:00Z,3,1,5,314,286,100,271,68,23,91,29,86,22,244,102,305,29,159,78,2,16,240,2474
"",2017-03-12T05:00:00Z,4,5,3,491,226,68,219,77,15,60,19,68,15,182,55,209,24,212,70,5,17,154,2198
"",2017-03-19T04:00:00Z,2,2,1,251,150,55,209,47,27,75,34,68,18,202,51,219,20,141,74,8,16,197,1867
"",2017-03-26T04:00:00Z,3,,1,184,169,54,214,61,228,69,22,75,8,154,64,188,25,125,61,9,16,166,1896
"",2017-04-02T04:00:00Z,2,2,2,253,229,127,365,125,114,153,36,154,33,317,102,372,31,193,99,10,26,285,3030
"",2017-04-09T04:00:00Z,8,1,1,184,154,58,238,585,34,71,24,74,36,169,94,199,26,242,68,6,25,172,2469
"",2017-04-16T04:00:00Z,3,,8,134,163,59,218,154,29,77,15,93,18,127,60,177,14,103,53,8,18,152,1683
"",2017-04-23T04:00:00Z,2,1,,133,133,59,244,53,19,74,24,159,17,170,57,241,19,127,66,3,19,192,1812
"",2017-04-30T04:00:00Z,4,,2,161,165,67,265,54,49,91,19,153,36,187,50,258,27,131,57,7,28,224,2035
"",2017-05-07T04:00:00Z,5,,6,179,301,74,289,61,62,91,24,126,31,215,64,282,28,194,64,9,24,246,2375
"",2017-05-14T04:00:00Z,3,4,1,147,183,58,218,46,24,81,29,110,16,185,75,273,15,420,93,7,28,186,2202
"",2017-05-21T04:00:00Z,3,,1,136,169,67,216,51,27,66,21,119,11,152,62,241,25,238,71,6,28,179,1889
"",2017-05-28T04:00:00Z,11,1,2,151,310,59,225,57,66,59,14,100,21,214,93,258,16,167,80,9,21,198,2132
"",2017-06-04T04:00:00Z,16,1,,147,258,82,242,57,50,93,25,93,16,197,106,303,20,176,85,6,30,216,2219
"",2017-06-11T04:00:00Z,7,,,136,167,79,209,111,50,61,31,85,8,150,139,311,26,227,54,8,38,227,2124
"",2017-06-18T04:00:00Z,7,,1,123,274,73,252,1307,24,61,15,88,14,286,446,382,22,410,96,9,95,311,4296
"",2017-06-25T04:00:00Z,6,,2,154,197,76,210,675,22,43,21,77,12,199,338,305,27,240,75,2,81,242,3004
"",2017-07-02T04:00:00Z,13,1,4,206,549,135,348,767,48,99,36,239,46,484,456,570,70,469,136,9,109,404,5198
"",2017-07-09T04:00:00Z,14,1,3,123,182,84,252,109,28,67,19,97,18,178,130,278,33,180,76,10,35,214,2131
"",2017-07-16T04:00:00Z,7,,2,167,212,92,272,141,33,77,36,111,11,181,120,293,21,221,85,13,33,277,2405
"",2017-07-23T04:00:00Z,7,,3,136,190,56,210,160,23,76,26,85,15,175,114,213,15,164,64,7,21,207,1967
"",2017-07-30T04:00:00Z,15,,,141,193,83,232,237,23,70,26,92,14,180,135,280,25,170,69,8,23,246,2262
"",2017-08-06T04:00:00Z,9,,4,159,171,77,242,336,28,64,21,98,13,198,142,297,32,169,75,8,27,238,2408
"",2017-08-13T04:00:00Z,3,,4,154,186,67,221,221,26,73,18,85,15,149,99,263,21,184,63,7,22,208,2089
"",2017-08-20T04:00:00Z,1,,6,176,164,65,232,120,27,51,19,62,15,188,111,229,30,126,70,7,31,182,1912
"",2017-08-27T04:00:00Z,3,,,145,164,78,216,70,21,69,30,97,10,164,125,268,20,127,85,8,23,193,1916
"",2017-09-03T04:00:00Z,8,1,6,154,157,64,182,51,28,75,24,74,33,146,83,236,18,123,62,7,23,206,1761
"",2017-09-10T04:00:00Z,6,1,1,178,210,65,202,56,19,69,36,89,12,170,91,290,23,118,62,6,20,206,1930
"",2017-09-17T04:00:00Z,1,,2,179,177,78,218,43,27,76,22,93,15,168,68,260,21,145,64,6,14,215,1892
"",2017-09-24T04:00:00Z,8,,,177,149,86,185,60,20,53,14,63,17,175,72,240,13,124,63,6,15,194,1734
"",2017-10-08T04:00:00Z,26,2,4,407,407,156,535,111,67,153,52,235,84,405,163,568,48,342,177,24,57,493,4516
"",2017-10-15T04:00:00Z,16,,1,207,187,80,250,53,28,74,25,102,24,222,64,262,41,170,75,13,46,262,2202
"",2017-10-22T04:00:00Z,19,,2,195,142,75,226,58,34,60,25,81,10,242,57,252,34,163,75,16,48,266,2080
"",2017-10-29T04:00:00Z,21,,7,211,251,103,259,63,203,78,35,93,18,258,69,247,74,185,70,11,30,229,2515
"",2017-11-05T04:00:00Z,13,1,1,238,354,70,247,71,79,75,34,98,17,278,52,254,70,170,64,8,37,275,2506
"",2017-11-12T05:00:00Z,15,2,2,322,226,73,270,58,52,84,29,105,9,303,73,253,80,167,65,16,28,333,2565
"",2017-11-19T05:00:00Z,18,,2,387,274,54,172,70,26,58,25,86,13,306,60,199,69,241,63,9,21,289,2442
"",2017-11-26T05:00:00Z,19,,3,336,160,69,224,68,24,89,30,82,14,312,59,201,101,185,59,8,35,277,2355
"",2017-12-03T05:00:00Z,45,1,,432,198,98,269,73,43,89,38,113,29,495,87,283,119,210,89,9,29,310,3059
"",2017-12-10T05:00:00Z,50,,1,660,277,79,280,76,24,74,30,98,18,623,84,245,123,168,87,16,40,337,3390
"",2017-12-17T05:00:00Z,62,4,4,918,540,92,251,173,39,78,48,112,18,689,83,261,116,493,112,5,35,333,4466
"",2017-12-24T05:00:00Z,52,34,1,1433,1390,116,400,1595,38,56,38,133,14,1012,259,400,128,705,156,14,76,598,8648
"",2017-12-31T05:00:00Z,12,12,3,535,252,121,234,84,79,146,35,108,78,316,57,186,74,158,68,9,24,243,2834
"",2018-01-07T05:00:00Z,206,17,2,2424,412,213,746,243,58,135,133,222,35,1965,162,381,512,524,166,17,104,589,9266
"",2018-01-14T05:00:00Z,19,3,1,656,204,126,292,123,42,104,50,103,26,472,81,277,88,242,77,7,35,251,3279
"",2018-01-21T05:00:00Z,17,7,1,608,181,103,275,85,36,63,36,94,19,389,73,262,83,202,83,10,38,244,2909
"",2018-01-28T05:00:00Z,19,5,2,489,173,97,332,75,29,67,31,100,37,325,58,234,79,179,93,4,26,259,2713
"",2018-02-04T05:00:00Z,15,9,1,541,214,115,335,73,36,77,40,121,44,327,58,271,79,184,51,12,20,260,2883
"",2018-02-11T05:00:00Z,13,4,,425,167,97,251,61,23,80,29,87,28,267,43,234,57,145,85,10,22,200,2328
"",2018-02-18T05:00:00Z,4,4,4,351,158,77,264,100,30,72,27,79,14,222,55,216,53,159,73,10,22,197,2191
"",2018-02-25T05:00:00Z,3,1,,299,243,73,233,57,29,75,38,83,24,221,53,209,34,148,78,8,15,203,2127
"",2018-03-04T05:00:00Z,4,1,2,272,221,92,262,63,37,71,22,102,35,231,64,225,21,161,72,9,28,160,2155
"",2018-03-11T05:00:00Z,2,3,,322,155,56,205,58,20,62,18,70,26,184,46,214,20,180,51,9,20,170,1891
"",2018-03-18T04:00:00Z,4,,4,195,192,72,180,49,25,71,27,75,38,166,45,214,22,123,66,7,15,151,1741
"",2018-03-25T04:00:00Z,4,1,2,158,154,47,178,45,30,64,20,72,25,125,46,194,19,105,41,3,12,136,1481
"",2018-04-08T04:00:00Z,8,3,13,396,396,193,551,552,78,165,57,201,83,487,158,574,42,459,153,17,41,427,5054
"",2018-04-15T04:00:00Z,3,1,5,146,150,60,220,251,24,65,21,87,21,166,74,231,12,171,54,8,27,203,2000
"",2018-04-22T04:00:00Z,9,,3,145,139,72,203,67,29,63,16,134,20,132,62,254,20,117,62,3,19,173,1742
"",2018-04-29T04:00:00Z,5,,3,124,159,90,216,47,28,93,34,145,17,177,58,229,24,134,53,8,12,194,1850
"",2018-05-06T04:00:00Z,5,,1,116,163,80,227,51,27,73,26,109,16,158,64,237,28,183,63,12,14,193,1846
"",2018-05-13T04:00:00Z,2,,6,117,227,68,191,52,24,92,15,107,22,163,60,248,21,410,69,12,21,194,2121
"",2018-05-20T04:00:00Z,4,,2,129,157,50,171,42,23,52,16,95,19,122,58,224,15,244,58,12,19,169,1681
"",2018-05-27T04:00:00Z,13,,3,113,151,57,184,63,26,40,20,77,12,121,58,255,21,184,57,10,18,164,1647
"",2018-06-03T04:00:00Z,11,,1,93,159,67,222,65,25,79,21,122,31,137,80,283,31,195,97,8,14,201,1942
"",2018-06-10T04:00:00Z,8,,,107,129,65,198,70,45,57,19,83,11,142,92,272,14,195,74,7,19,188,1795
"",2018-06-17T04:00:00Z,9,,2,109,131,60,224,524,34,53,12,85,19,190,261,285,25,319,80,9,26,201,2658
"",2018-06-24T04:00:00Z,5,,1,120,183,75,229,1216,28,78,14,99,24,214,436,358,22,329,84,9,86,225,3835
"",2018-07-08T04:00:00Z,23,,4,315,660,170,604,1115,65,151,69,329,57,542,592,707,56,651,173,17,154,488,6942
"",2018-07-15T04:00:00Z,5,,2,138,170,77,233,137,35,66,28,88,14,184,128,273,19,183,65,7,24,209,2085
"",2018-07-22T04:00:00Z,6,,2,135,154,76,203,171,42,69,18,93,17,142,114,256,32,187,52,9,28,187,1993
"",2018-07-29T04:00:00Z,13,1,6,146,158,65,182,300,28,69,27,81,19,157,120,243,20,184,73,11,20,194,2117
"",2018-08-05T04:00:00Z,11,,6,137,174,62,202,351,34,58,30,98,16,182,111,279,20,185,65,8,27,161,2217
"",2018-08-12T04:00:00Z,5,2,2,159,156,49,209,272,25,45,19,87,8,164,124,272,19,132,77,6,24,159,2015
"",2018-08-19T04:00:00Z,4,,2,132,157,53,169,138,27,54,26,76,16,136,98,235,26,125,58,5,20,176,1733
"",2018-08-26T04:00:00Z,5,,1,149,165,57,179,63,19,51,22,59,16,126,102,241,16,122,69,7,25,163,1657
"",2018-09-02T04:00:00Z,8,,1,144,160,107,217,52,35,54,14,82,19,146,77,222,19,125,77,6,17,180,1762
"",2018-09-09T04:00:00Z,3,2,,137,181,68,202,56,32,53,24,61,16,168,71,224,22,112,59,10,19,178,1698
"",2018-09-16T04:00:00Z,3,,4,160,244,87,182,56,29,78,16,66,18,144,76,245,15,99,69,6,16,141,1754
"",2018-09-23T04:00:00Z,7,,1,128,146,56,173,39,27,59,29,48,14,144,68,208,11,124,60,7,20,142,1511
"",2018-09-30T04:00:00Z,7,,3,72,204,69,152,37,24,41,20,77,15,125,44,200,17,106,60,3,33,156,1465
"",2018-10-07T04:00:00Z,19,,2,158,343,75,281,59,132,78,29,111,21,245,99,292,32,160,75,13,40,228,2492
"",2018-10-14T04:00:00Z,13,,,140,196,61,171,57,38,50,19,68,18,177,59,223,33,124,79,6,40,179,1751
"",2018-10-21T04:00:00Z,15,1,,159,195,64,188,42,23,50,21,74,16,190,55,233,33,163,70,8,23,199,1822
"",2018-10-28T04:00:00Z,12,1,3,177,188,71,182,61,57,57,19,82,25,199,63,218,52,188,74,15,32,261,2037
"",2018-11-04T04:00:00Z,13,,7,212,181,83,225,69,38,59,40,83,24,233,52,284,72,198,61,9,34,247,2224
"",2018-11-11T05:00:00Z,15,1,17,250,219,67,173,45,13,56,30,85,19,218,57,222,84,183,70,14,31,208,2077
"",2018-11-18T05:00:00Z,16,1,2,392,311,65,171,84,15,58,29,96,11,310,71,198,86,245,78,12,25,197,2473
"",2018-11-25T05:00:00Z,34,1,4,285,276,55,195,64,30,45,21,76,8,312,62,225,105,154,77,12,27,231,2299
"",2018-12-02T05:00:00Z,50,,1,346,189,102,238,72,21,84,31,102,17,416,62,233,103,154,97,13,37,246,2614
"",2018-12-09T05:00:00Z,37,1,3,479,246,69,259,59,20,53,29,98,12,554,69,206,96,219,70,14,31,243,2867
"",2018-12-16T05:00:00Z,59,5,12,750,550,176,269,210,17,53,54,99,6,728,87,230,82,504,95,13,52,276,4327
"",2018-12-23T05:00:00Z,63,20,4,1524,1103,121,368,1643,26,64,43,132,9,913,237,372,142,705,132,17,194,407,8239
"",2018-12-30T05:00:00Z,17,3,14,418,197,118,251,93,24,82,30,103,56,349,70,191,81,226,71,9,70,252,2725
"",2019-01-06T05:00:00Z,177,12,7,1824,346,228,625,239,44,111,101,175,26,1741,117,306,423,477,149,20,137,473,7758
"",2019-01-13T05:00:00Z,23,6,4,561,190,99,289,125,22,85,36,93,15,452,54,251,92,201,82,16,50,246,2992
"",2019-01-20T05:00:00Z,18,16,4,778,213,89,266,83,27,73,34,90,10,402,71,205,74,222,77,24,47,201,3024
"",2019-01-27T05:00:00Z,22,6,3,528,207,105,268,74,19,81,31,87,13,372,52,238,69,211,80,11,24,232,2733
"",2019-02-03T05:00:00Z,17,7,4,470,225,118,322,86,43,82,29,116,22,323,58,255,81,195,91,20,25,219,2808
"",2019-02-10T05:00:00Z,12,4,2,392,178,79,189,90,28,63,25,100,23,258,57,196,47,150,50,9,18,199,2169
"",2019-02-17T05:00:00Z,11,5,2,335,188,94,227,92,23,70,31,88,24,227,54,204,51,187,61,14,21,190,2199
"",2019-02-24T05:00:00Z,7,3,2,279,187,60,195,69,16,57,21,80,26,184,46,187,28,147,81,8,13,192,1888
"",2019-03-03T05:00:00Z,3,2,1,341,247,85,288,72,30,109,20,105,24,235,60,237,22,188,71,12,19,182,2353
"",2019-03-10T05:00:00Z,3,2,5,222,173,57,212,66,20,81,23,71,15,188,49,220,24,224,72,15,14,174,1930
"",2019-03-17T04:00:00Z,2,1,1,174,151,67,189,57,28,48,34,68,19,180,38,200,18,166,50,16,11,195,1713
"",2019-03-24T04:00:00Z,3,1,1,157,149,86,183,61,32,58,19,58,19,147,51,208,12,109,52,6,12,127,1551
"",2019-03-31T04:00:00Z,8,,,121,182,74,179,55,51,65,24,81,24,149,44,198,14,121,58,10,15,156,1629
"",2019-04-07T04:00:00Z,2,,2,195,242,98,905,400,46,66,31,97,27,249,96,314,36,277,98,10,22,258,3471
"",2019-04-14T04:00:00Z,4,,,143,313,77,3029,418,34,72,22,82,21,194,125,264,26,279,93,12,31,261,5500
"",2019-04-21T04:00:00Z,4,,1,103,189,72,418,67,22,68,24,97,11,160,50,226,20,111,54,16,24,170,1907
"",2019-04-28T04:00:00Z,6,1,2,143,172,61,247,71,24,74,20,128,17,165,52,234,26,132,81,14,19,193,1882
"",2019-05-05T04:00:00Z,3,,4,153,138,58,205,51,22,54,17,88,10,156,44,214,25,126,70,9,11,202,1660
"",2019-05-12T04:00:00Z,4,,3,134,197,60,191,59,27,61,20,112,12,154,57,241,12,334,53,14,18,175,1938
"",2019-05-19T04:00:00Z,4,,,110,237,56,197,43,17,73,22,96,13,175,45,214,17,334,70,17,17,203,1960
"",2019-05-26T04:00:00Z,7,1,2,164,123,46,162,49,21,51,14,81,11,128,54,190,19,194,63,18,17,175,1590
"",2019-06-02T04:00:00Z,14,,2,142,168,81,207,67,28,91,16,95,22,174,90,260,33,200,76,16,17,219,2018
"",2019-06-09T04:00:00Z,5,,2,112,166,53,165,118,18,71,16,67,8,192,144,243,19,205,78,17,31,196,1926
"",2019-06-16T04:00:00Z,1,,3,174,183,72,213,661,27,61,18,84,10,224,333,371,31,340,89,14,64,285,3258
"",2019-06-23T04:00:00Z,4,,4,116,296,73,252,1098,26,59,13,69,8,212,291,373,27,358,94,21,78,257,3729
"",2019-06-30T04:00:00Z,4,,2,138,282,72,183,94,15,80,24,78,20,167,168,229,21,143,70,15,21,183,2009
"",2019-07-07T04:00:00Z,15,,1,192,262,107,304,857,33,101,29,162,21,324,285,384,32,447,97,21,93,311,4078
"",2019-07-14T04:00:00Z,5,,2,133,162,90,211,143,24,72,32,77,12,165,101,243,31,195,77,18,24,215,2032
"",2019-07-21T04:00:00Z,3,,1,135,175,57,193,147,32,66,21,81,14,158,111,237,23,165,53,16,18,201,1907
"",2019-07-28T04:00:00Z,10,,5,125,189,63,212,291,22,76,32,97,20,160,126,270,27,170,74,15,27,221,2232
"",2019-08-04T04:00:00Z,10,,,152,254,74,232,364,28,69,24,84,16,165,116,265,21,155,80,13,31,221,2374
"",2019-08-11T04:00:00Z,5,,1,146,177,52,186,270,20,61,26,66,16,155,108,302,20,154,56,17,23,197,2058
"",2019-08-18T04:00:00Z,5,,1,144,202,89,176,161,20,59,22,90,16,153,99,213,25,107,65,17,21,180,1865
"",2019-08-25T04:00:00Z,5,,,159,159,77,178,61,23,51,12,69,22,156,65,216,27,121,51,13,13,169,1647
"",2019-09-01T04:00:00Z,2,,2,146,172,56,173,54,25,107,23,80,18,147,78,212,17,114,55,16,18,178,1693
"",2019-09-08T04:00:00Z,4,,2,174,385,73,185,46,20,56,27,79,15,178,58,252,20,132,62,16,19,207,2010
"",2019-09-15T04:00:00Z,10,,2,148,233,66,161,40,25,51,16,67,14,138,57,210,9,133,56,8,27,183,1654
"",2019-09-22T04:00:00Z,6,,3,121,172,58,177,35,12,47,19,74,10,155,47,182,9,116,39,13,17,175,1487
"",2019-09-29T04:00:00Z,8,,2,122,192,92,164,75,32,58,23,86,28,183,65,241,22,116,70,9,25,175,1788
"",2019-10-06T04:00:00Z,13,1,4,228,284,128,194,68,31,71,24,93,10,204,77,246,30,133,85,17,33,238,2212
"",2019-10-13T04:00:00Z,8,,,212,172,80,166,50,28,85,16,47,17,171,47,208,34,113,57,12,28,180,1731
"",2019-10-20T04:00:00Z,11,,,184,277,70,180,66,23,69,22,58,8,191,41,233,32,142,72,19,26,183,1907
"",2019-10-27T04:00:00Z,16,,3,177,331,78,211,63,22,67,42,75,15,297,64,214,53,148,62,27,38,225,2228
"",2019-11-03T04:00:00Z,21,,9,193,191,82,213,70,24,82,35,89,33,238,67,211,70,155,74,16,36,244,2153
"",2019-11-10T05:00:00Z,12,1,3,238,170,83,150,39,24,82,32,80,14,272,48,202,72,133,60,14,35,221,1985
"",2019-11-17T05:00:00Z,17,,2,328,354,96,188,74,35,72,29,68,19,290,69,218,80,207,83,13,26,274,2542
"",2019-11-24T05:00:00Z,27,2,1,415,290,79,175,81,12,40,31,54,12,281,63,146,81,176,57,13,37,220,2293
"",2019-12-01T05:00:00Z,50,1,4,507,214,72,228,81,22,72,31,86,19,504,60,175,110,150,76,14,48,295,2819
"",2019-12-08T05:00:00Z,29,3,1,596,185,79,220,80,18,59,27,63,9,569,56,161,98,186,78,10,44,273,2844
"",2019-12-15T05:00:00Z,49,6,4,724,535,92,219,256,48,48,37,108,13,707,89,197,79,423,96,18,42,257,4047
"",2019-12-22T05:00:00Z,68,16,2,1688,958,106,357,1565,144,45,37,105,13,758,218,319,151,722,126,27,78,477,7980
"",2019-12-29T05:00:00Z,32,2,3,581,325,98,273,102,65,61,40,93,16,438,82,160,88,211,65,10,21,248,3014
"",2020-01-05T05:00:00Z,123,11,1,1602,453,200,554,212,59,97,109,158,21,1554,112,308,338,419,112,26,68,499,7036
"",2020-01-12T05:00:00Z,39,9,7,635,238,113,284,132,34,60,43,90,20,592,68,224,126,229,90,25,21,270,3349
"",2020-01-19T05:00:00Z,23,7,3,627,214,70,274,94,32,72,36,82,11,395,51,248,91,182,75,9,32,254,2882
"",2020-01-26T05:00:00Z,19,6,1,506,201,105,287,77,29,61,39,80,7,376,54,209,71,195,65,11,21,230,2650
"",2020-02-02T05:00:00Z,14,6,6,490,250,112,262,81,36,77,104,86,25,324,78,201,72,195,70,20,23,253,2785
"",2020-02-09T05:00:00Z,11,4,1,458,234,91,231,74,33,81,91,66,22,311,50,180,55,149,49,7,30,198,2426
"",2020-02-16T05:00:00Z,6,3,,302,191,73,214,76,20,50,28,58,9,207,45,178,49,115,46,6,13,159,1848
"",2020-02-23T05:00:00Z,9,1,4,311,247,76,215,91,32,69,34,72,9,203,42,201,26,159,61,9,18,199,2088
"",2020-03-01T05:00:00Z,3,1,5,322,277,93,254,78,30,82,26,85,14,215,44,231,31,220,87,13,10,211,2332
"",2020-03-08T05:00:00Z,3,2,2,271,246,102,411,336,49,76,47,118,19,288,595,706,203,1535,465,73,84,994,6625
"",2020-03-15T04:00:00Z,72,5,10,1663,2512,1042,6871,1843,532,384,408,1207,186,2361,6829,10941,2855,24609,6598,1501,922,5591,78942
"",2020-03-22T04:00:00Z,72,11,12,2924,4189,2141,11309,1691,530,471,635,1986,233,3243,3221,10395,1826,9822,4879,5565,798,5767,71720
"",2020-03-29T04:00:00Z,81,3,12,2138,3170,1994,8950,1263,510,418,484,1687,426,2670,2421,8039,1458,6355,3602,8767,589,5114,60151
"",2020-04-05T04:00:00Z,36,2,7,1573,2649,1264,5795,1436,268,319,337,1296,750,2042,1521,5236,986,4308,2170,4720,403,4340,41458
"",2020-04-12T04:00:00Z,21,3,7,844,1970,1016,3863,1204,348,275,204,843,253,1343,1130,3420,538,2693,1243,3703,331,2680,27932
"",2020-04-19T04:00:00Z,17,5,5,589,1431,716,2677,572,189,212,182,706,144,1149,874,2406,396,2076,960,2787,278,2207,20578
"",2020-04-26T04:00:00Z,28,3,5,616,1791,766,2799,605,245,208,221,784,144,1472,1227,2773,577,2595,1024,7130,304,2496,27813
"",2020-05-03T04:00:00Z,24,1,9,440,1263,616,2064,485,315,196,184,558,148,1224,975,2204,462,2042,790,4501,293,2072,20866
"",2020-05-10T04:00:00Z,16,1,11,344,1313,457,1724,413,251,181,140,507,91,1006,906,1883,361,1918,654,3201,236,1984,17598
"",2020-05-17T04:00:00Z,17,,7,291,1997,436,1487,304,140,150,175,436,109,959,798,1645,350,1713,556,2353,246,1850,16019
"",2020-05-24T04:00:00Z,12,,6,277,1312,327,1268,274,142,144,111,305,80,829,724,1331,265,1180,386,1649,198,1913,12733
"",2020-05-31T04:00:00Z,17,,7,267,1020,350,1114,260,96,187,101,368,94,818,711,1399,223,1074,372,1429,181,1913,12001
"",2020-06-07T04:00:00Z,19,,1,254,1011,190,916,265,94,157,64,354,53,683,663,1079,209,908,329,1091,173,1321,9834
"",2020-06-14T04:00:00Z,18,,6,220,886,211,792,716,105,142,62,306,37,565,1069,1069,150,856,275,1064,181,1222,9952
"",2020-06-21T04:00:00Z,11,1,5,216,1590,192,822,1177,90,114,46,346,47,618,946,1008,155,832,271,1081,187,1245,11000
"",2020-06-28T04:00:00Z,11,,4,204,1297,199,687,296,102,134,59,233,42,561,924,980,153,615,284,999,126,1022,8932
"",2020-07-05T04:00:00Z,27,2,11,615,1351,398,1656,1174,188,200,103,545,52,1452,1373,1557,416,1847,640,49592,284,17972,81455
"",2020-07-12T04:00:00Z,17,,3,210,643,181,616,256,71,113,58,217,37,484,456,705,122,553,216,1218,102,1132,7410
"",2020-07-19T04:00:00Z,7,,9,190,471,113,558,240,51,127,40,185,31,413,413,628,115,523,158,1471,83,1092,6918
"",2020-07-26T04:00:00Z,9,,12,165,514,124,490,341,44,104,42,194,23,366,343,594,67,444,182,1153,59,980,6250
"",2020-08-02T04:00:00Z,17,,12,165,695,99,393,371,52,105,27,153,29,326,254,450,59,331,121,636,52,756,5103
"",2020-08-09T04:00:00Z,14,,5,176,648,122,497,323,48,89,29,145,24,352,259,577,60,344,133,742,62,860,5509
"",2020-08-16T04:00:00Z,12,,1,172,423,117,362,190,44,89,33,130,19,284,200,484,53,271,143,638,37,762,4464
"",2020-08-23T04:00:00Z,12,,3,153,325,125,394,186,44,78,27,138,24,284,198,453,33,239,129,661,51,690,4247
"",2020-08-30T04:00:00Z,2,,5,146,345,103,328,98,30,100,37,124,25,266,216,413,42,190,91,507,45,661,3774
"",2020-09-06T04:00:00Z,5,,1,163,447,117,313,79,29,91,31,109,29,255,153,416,45,212,117,468,31,680,3791
"",2020-09-13T04:00:00Z,3,1,4,125,322,94,361,86,29,91,27,107,20,282,167,410,54,246,107,403,38,553,3530
"",2020-09-20T04:00:00Z,6,1,5,134,269,91,308,103,25,70,36,96,17,258,123,353,29,210,84,397,44,503,3162
"",2020-09-27T04:00:00Z,5,,2,141,287,96,271,86,53,85,37,112,30,262,119,362,23,207,91,239,40,424,2972
"",2020-10-04T04:00:00Z,12,,4,352,419,134,654,192,73,157,49,185,30,627,250,586,100,408,187,26169,112,5931,36631
"",2020-10-11T04:00:00Z,14,,3,176,398,99,270,86,65,100,34,108,22,238,84,350,51,169,82,433,84,561,3427
"",2020-10-18T04:00:00Z,9,,6,191,424,100,285,96,44,89,28,100,9,222,106,311,44,179,88,434,92,712,3569
"",2020-10-25T04:00:00Z,11,,1,211,342,95,258,70,21,79,45,109,21,248,86,338,53,203,74,326,78,613,3282
Claims after Oct. 25 incomplete,2020-11-01T04:00:00Z,16,1,5,172,265,103,264,68,38,79,25,145,24,242,105,317,61,211,94,319,57,562,3173
"",2020-11-08T05:00:00Z,17,,6,218,243,92,270,78,29,86,43,105,20,289,88,369,72,212,87,242,59,365,2990
"",2020-11-15T05:00:00Z,15,1,4,177,175,84,255,78,24,76,34,74,21,267,119,335,54,202,107,241,55,337,2735
